split,scene_class,sha256,source_path,source_manifest_path,dataset_path
train,dry_road,04ba0318f1bc7b9109957f12261e5890a8f6a222b344481f001c6746de889a71,C:\Users\Shweatlana Mahapatra\Desktop\Force For Good\flood-depth-estimator-v3-SM_Sep\training_data\road_scene_classifier\train\dry_road\001_downloads_dry_dry_raod_33.jpg,C:/Users/abhij/OneDrive/Desktop/WellLabs/flood_project_cleaned/training_data/road_scene_classifier/train/dry_road/001_downloads_dry_dry_raod_33.jpg,training_data/scene_classifier/train/dry_road/0001_001_downloads_dry_dry_raod_33.jpg
validation,dry_road,0bd2db743553b676d390d17c2a3a0b8b309d60bef37e4283425ae0fa9636317f,C:\Users\Shweatlana Mahapatra\Desktop\Force For Good\flood-depth-estimator-v3-SM_Sep\training_data\road_scene_classifier\train\dry_road\002_downloads_dry_dry_raod_09.jpg,C:/Users/abhij/OneDrive/Desktop/WellLabs/flood_project_cleaned/training_data/road_scene_classifier/train/dry_road/002_downloads_dry_dry_raod_09.jpg,training_data/scene_classifier/validation/dry_road/0002_002_downloads_dry_dry_raod_09.jpg
train,dry_road,126fea65fa6be02c4b3a792ac2b3f4c6b5966ee908a2e718180313c942b3daff,C:\Users\Shweatlana Mahapatra\Desktop\Force For Good\flood-depth-estimator-v3-SM_Sep\training_data\road_scene_classifier\train\dry_road\003_downloads_dry_dry_raod_32.jpg,C:/Users/abhij/OneDrive/Desktop/WellLabs/flood_project_cleaned/training_data/road_scene_classifier/train/dry_road/003_downloads_dry_dry_raod_32.jpg,training_data/scene_classifier/train/dry_road/0003_003_downloads_dry_dry_raod_32.jpg
test,dry_road,1283567ea0b32f815b7a759e97d0d6e2f7009ff23a447d56c1f7b2ebf5db05b8,C:\Users\Shweatlana Mahapatra\Desktop\Force For Good\flood-depth-estimator-v3-SM_Sep\training_data\road_scene_classifier\train\dry_road\004_downloads_dry_dry_raod_01.jpg,C:/Users/abhij/OneDrive/Desktop/WellLabs/flood_project_cleaned/training_data/road_scene_classifier/train/dry_road/004_downloads_dry_dry_raod_01.jpg,training_data/scene_classifier/test/dry_road/0004_004_downloads_dry_dry_raod_01.jpg
test,dry_road,12ed15837019b8046ec799e6a089ae75a51e85963d737dc0e1b9c075305d4c45,C:\Users\Shweatlana Mahapatra\Desktop\Force For Good\flood-depth-estimator-v3-SM_Sep\training_data\road_scene_classifier\train\dry_road\004_dry_draught.jpg,training_data/road_scene_classifier/train/dry_road/004_dry_draught.jpg,training_data/scene_classifier/test/dry_road/0005_004_dry_draught.jpg
validation,dry_road,1838d13c4012e800b5de31abd402de37335f973869a5386fd89e33510ad25780,C:\Users\Shweatlana Mahapatra\Desktop\Force For Good\flood-depth-estimator-v3-SM_Sep\training_data\road_scene_classifier\train\dry_road\006_dry_Empty_Road.jpg,training_data/road_scene_classifier/train/dry_road/006_dry_Empty_Road.jpg,training_data/scene_classifier/validation/dry_road/0006_006_dry_Empty_Road.jpg
train,dry_road,19c370f49ffff0d9c96e7c9f8713f187c2805a2945b10e382972afaeec272980,C:\Users\Shweatlana Mahapatra\Desktop\Force For Good\flood-depth-estimator-v3-SM_Sep\training_data\road_scene_classifier\train\dry_road\005_downloads_dry_dry_raod_11.jpg,C:/Users/abhij/OneDrive/Desktop/WellLabs/flood_project_cleaned/training_data/road_scene_classifier/train/dry_road/005_downloads_dry_dry_raod_11.jpg,training_data/scene_classifier/train/dry_road/0007_005_downloads_dry_dry_raod_11.jpg
train,dry_road,1d0d75726fa5262efc5517a81bc3705bfd543cb5707dd889dba86305c762ef07,C:\Users\Shweatlana Mahapatra\Desktop\Force For Good\flood-depth-estimator-v3-SM_Sep\training_data\road_scene_classifier\train\dry_road\006_downloads_dry_dry_raod_08.jpg,C:/Users/abhij/OneDrive/Desktop/WellLabs/flood_project_cleaned/training_data/road_scene_classifier/train/dry_road/006_downloads_dry_dry_raod_08.jpg,training_data/scene_classifier/train/dry_road/0008_006_downloads_dry_dry_raod_08.jpg
train,dry_road,1e0829e9efaa489db1daae51ad3f308d8dab6e553be1ebc71072f50768cf8699,C:\Users\Shweatlana Mahapatra\Desktop\Force For Good\flood-depth-estimator-v3-SM_Sep\training_data\road_scene_classifier\train\dry_road\007_downloads_dry_dry_raod_24.jpg,C:/Users/abhij/OneDrive/Desktop/WellLabs/flood_project_cleaned/training_data/road_scene_classifier/train/dry_road/007_downloads_dry_dry_raod_24.jpg,training_data/scene_classifier/train/dry_road/0009_007_downloads_dry_dry_raod_24.jpg
validation,dry_road,2969d27d38f257bd25956e0148816a1570faae9fd9cbdf6b52574ded38f50081,C:\Users\Shweatlana Mahapatra\Desktop\Force For Good\flood-depth-estimator-v3-SM_Sep\training_data\road_scene_classifier\train\dry_road\002_dry_bike_road.jpg,training_data/road_scene_classifier/train/dry_road/002_dry_bike_road.jpg,training_data/scene_classifier/validation/dry_road/0010_002_dry_bike_road.jpg
test,dry_road,299d18c3bf9886e45528ebb501e05b3f36b5131873b050d0f64dfcf07ac96945,C:\Users\Shweatlana Mahapatra\Desktop\Force For Good\flood-depth-estimator-v3-SM_Sep\training_data\road_scene_classifier\train\dry_road\008_downloads_dry_dry_raod_23.jpg,C:/Users/abhij/OneDrive/Desktop/WellLabs/flood_project_cleaned/training_data/road_scene_classifier/train/dry_road/008_downloads_dry_dry_raod_23.jpg,training_data/scene_classifier/test/dry_road/0011_008_downloads_dry_dry_raod_23.jpg
train,dry_road,2c4c5773c971df249318c7e07137a6e59d0d4f9422a78f3ea184ab747f02fdb2,C:\Users\Shweatlana Mahapatra\Desktop\Force For Good\flood-depth-estimator-v3-SM_Sep\training_data\road_scene_classifier\train\dry_road\009_downloads_dry_dry_raod_19.jpg,C:/Users/abhij/OneDrive/Desktop/WellLabs/flood_project_cleaned/training_data/road_scene_classifier/train/dry_road/009_downloads_dry_dry_raod_19.jpg,training_data/scene_classifier/train/dry_road/0012_009_downloads_dry_dry_raod_19.jpg
train,dry_road,3033726ece198b8c3ae66c27be569080c507c3e802e1d973a6cd0feb2cf93fef,C:\Users\Shweatlana Mahapatra\Desktop\Force For Good\flood-depth-estimator-v3-SM_Sep\training_data\road_scene_classifier\train\dry_road\010_downloads_dry_dry_raod_45.jpg,C:/Users/abhij/OneDrive/Desktop/WellLabs/flood_project_cleaned/training_data/road_scene_classifier/train/dry_road/010_downloads_dry_dry_raod_45.jpg,training_data/scene_classifier/train/dry_road/0013_010_downloads_dry_dry_raod_45.jpg
train,dry_road,332b65a26a1b53430ac7bf92edeb6de0e4d437adf513b2b316f093d1b01068f8,C:\Users\Shweatlana Mahapatra\Desktop\Force For Good\flood-depth-estimator-v3-SM_Sep\training_data\road_scene_classifier\train\dry_road\011_downloads_dry_dry_raod_04.jpg,C:/Users/abhij/OneDrive/Desktop/WellLabs/flood_project_cleaned/training_data/road_scene_classifier/train/dry_road/011_downloads_dry_dry_raod_04.jpg,training_data/scene_classifier/train/dry_road/0014_011_downloads_dry_dry_raod_04.jpg
train,dry_road,3a82c0e80480c656c1b916632c286fff96defefc2816a6aab2bb4bfbf89f7cfd,C:\Users\Shweatlana Mahapatra\Desktop\Force For Good\flood-depth-estimator-v3-SM_Sep\training_data\road_scene_classifier\train\dry_road\012_downloads_dry_dry_raod_22.jpg,C:/Users/abhij/OneDrive/Desktop/WellLabs/flood_project_cleaned/training_data/road_scene_classifier/train/dry_road/012_downloads_dry_dry_raod_22.jpg,training_data/scene_classifier/train/dry_road/0015_012_downloads_dry_dry_raod_22.jpg
train,dry_road,3d2644240b8cea3e6e114a0464642eee5051b92bab2dfb87f26847f5c7cec77a,C:\Users\Shweatlana Mahapatra\Desktop\Force For Good\flood-depth-estimator-v3-SM_Sep\training_data\road_scene_classifier\train\dry_road\013_downloads_dry_dry_raod_41.jpg,C:/Users/abhij/OneDrive/Desktop/WellLabs/flood_project_cleaned/training_data/road_scene_classifier/train/dry_road/013_downloads_dry_dry_raod_41.jpg,training_data/scene_classifier/train/dry_road/0016_013_downloads_dry_dry_raod_41.jpg
test,dry_road,4e4d9c34be67c426c225edf14c75f132e0f13a78584ee0abcf19947001e1f8e4,C:\Users\Shweatlana Mahapatra\Desktop\Force For Good\flood-depth-estimator-v3-SM_Sep\training_data\road_scene_classifier\train\dry_road\014_downloads_dry_dry_raod_37.jpg,C:/Users/abhij/OneDrive/Desktop/WellLabs/flood_project_cleaned/training_data/road_scene_classifier/train/dry_road/014_downloads_dry_dry_raod_37.jpg,training_data/scene_classifier/test/dry_road/0017_014_downloads_dry_dry_raod_37.jpg
validation,dry_road,52dec39705ad919687f38afcf1d9797b116a3db3024fcb200c3a0edca0422c29,C:\Users\Shweatlana Mahapatra\Desktop\Force For Good\flood-depth-estimator-v3-SM_Sep\training_data\road_scene_classifier\train\dry_road\008_dry_human_dry_sand.jpg,training_data/road_scene_classifier/train/dry_road/008_dry_human_dry_sand.jpg,training_data/scene_classifier/validation/dry_road/0018_008_dry_human_dry_sand.jpg
train,dry_road,53ec46be8e8887700afa1cc006f3ef9b5d89672a24757596ee562dcf3d15c19b,C:\Users\Shweatlana Mahapatra\Desktop\Force For Good\flood-depth-estimator-v3-SM_Sep\training_data\road_scene_classifier\train\dry_road\015_downloads_dry_dry_raod_15.jpg,C:/Users/abhij/OneDrive/Desktop/WellLabs/flood_project_cleaned/training_data/road_scene_classifier/train/dry_road/015_downloads_dry_dry_raod_15.jpg,training_data/scene_classifier/train/dry_road/0019_015_downloads_dry_dry_raod_15.jpg
test,dry_road,5f2362e0ea96a517c26bcc2101b4c935907c48527994a014fa9fdec62b447295,C:\Users\Shweatlana Mahapatra\Desktop\Force For Good\flood-depth-estimator-v3-SM_Sep\training_data\road_scene_classifier\train\dry_road\016_downloads_dry_dry_raod_21.jpg,C:/Users/abhij/OneDrive/Desktop/WellLabs/flood_project_cleaned/training_data/road_scene_classifier/train/dry_road/016_downloads_dry_dry_raod_21.jpg,training_data/scene_classifier/test/dry_road/0020_016_downloads_dry_dry_raod_21.jpg
train,dry_road,6115a5bac040f43d43223d6c8bceaf6d70e03986e0bc144030bc5551464e1d03,C:\Users\Shweatlana Mahapatra\Desktop\Force For Good\flood-depth-estimator-v3-SM_Sep\training_data\road_scene_classifier\train\dry_road\017_downloads_dry_dry_raod_26.jpg,C:/Users/abhij/OneDrive/Desktop/WellLabs/flood_project_cleaned/training_data/road_scene_classifier/train/dry_road/017_downloads_dry_dry_raod_26.jpg,training_data/scene_classifier/train/dry_road/0021_017_downloads_dry_dry_raod_26.jpg
test,dry_road,66bbf4971465da574cfecb9aa7af81345d11b4ef5d88a8ccbe74353818fade82,C:\Users\Shweatlana Mahapatra\Desktop\Force For Good\flood-depth-estimator-v3-SM_Sep\training_data\road_scene_classifier\train\dry_road\001_dry_150525_r26543.webp,training_data/road_scene_classifier/train/dry_road/001_dry_150525_r26543.webp,training_data/scene_classifier/test/dry_road/0022_001_dry_150525_r26543.webp
train,dry_road,679259e4dc988305ef9d102dcf2d67cb6360e887cb79da76f83d510c2d3ee026,C:\Users\Shweatlana Mahapatra\Desktop\Force For Good\flood-depth-estimator-v3-SM_Sep\training_data\road_scene_classifier\train\dry_road\018_downloads_dry_dry_raod_13.jpg,C:/Users/abhij/OneDrive/Desktop/WellLabs/flood_project_cleaned/training_data/road_scene_classifier/train/dry_road/018_downloads_dry_dry_raod_13.jpg,training_data/scene_classifier/train/dry_road/0023_018_downloads_dry_dry_raod_13.jpg
validation,dry_road,680f1000bd5a30e4995d0b49132914003dfcb3771dd58dfc004fabdb376836f5,C:\Users\Shweatlana Mahapatra\Desktop\Force For Good\flood-depth-estimator-v3-SM_Sep\training_data\road_scene_classifier\train\dry_road\019_downloads_dry_dry_raod_38.jpg,C:/Users/abhij/OneDrive/Desktop/WellLabs/flood_project_cleaned/training_data/road_scene_classifier/train/dry_road/019_downloads_dry_dry_raod_38.jpg,training_data/scene_classifier/validation/dry_road/0024_019_downloads_dry_dry_raod_38.jpg
train,dry_road,71a488e6fe8c33faccc597fd42e91cd60d5285a769126fc1bb269b6bc4113955,C:\Users\Shweatlana Mahapatra\Desktop\Force For Good\flood-depth-estimator-v3-SM_Sep\training_data\road_scene_classifier\train\dry_road\020_downloads_dry_dry_raod_17.jpg,C:/Users/abhij/OneDrive/Desktop/WellLabs/flood_project_cleaned/training_data/road_scene_classifier/train/dry_road/020_downloads_dry_dry_raod_17.jpg,training_data/scene_classifier/train/dry_road/0025_020_downloads_dry_dry_raod_17.jpg
train,dry_road,7249fc5bac974ef4626b8c900faf238de9ad759954c725d5ca4f9d508a195c13,C:\Users\Shweatlana Mahapatra\Desktop\Force For Good\flood-depth-estimator-v3-SM_Sep\training_data\road_scene_classifier\train\dry_road\007_dry_human_dry_field.jpg,training_data/road_scene_classifier/train/dry_road/007_dry_human_dry_field.jpg,training_data/scene_classifier/train/dry_road/0026_007_dry_human_dry_field.jpg
test,dry_road,7513305ca4c4f69c7bd88f83213c01b4986faca9be68c0b3ffe4a639dbd6be29,C:\Users\Shweatlana Mahapatra\Desktop\Force For Good\flood-depth-estimator-v3-SM_Sep\training_data\road_scene_classifier\train\dry_road\021_downloads_dry_dry_raod_31.jpg,C:/Users/abhij/OneDrive/Desktop/WellLabs/flood_project_cleaned/training_data/road_scene_classifier/train/dry_road/021_downloads_dry_dry_raod_31.jpg,training_data/scene_classifier/test/dry_road/0027_021_downloads_dry_dry_raod_31.jpg
train,dry_road,778a9c30de659d4d1dcfef5d1fc3116ef3e7c181ca74bc7ec0e77e29449cc1b4,C:\Users\Shweatlana Mahapatra\Desktop\Force For Good\flood-depth-estimator-v3-SM_Sep\training_data\road_scene_classifier\train\dry_road\022_downloads_dry_dry_raod_03.jpg,C:/Users/abhij/OneDrive/Desktop/WellLabs/flood_project_cleaned/training_data/road_scene_classifier/train/dry_road/022_downloads_dry_dry_raod_03.jpg,training_data/scene_classifier/train/dry_road/0028_022_downloads_dry_dry_raod_03.jpg
train,dry_road,7a6f45ffb7ca61fb0e5f5dc201ed5231e99532ddde8053923e4b15aa06529f03,C:\Users\Shweatlana Mahapatra\Desktop\Force For Good\flood-depth-estimator-v3-SM_Sep\training_data\road_scene_classifier\train\dry_road\023_downloads_dry_dry_raod_35.jpg,C:/Users/abhij/OneDrive/Desktop/WellLabs/flood_project_cleaned/training_data/road_scene_classifier/train/dry_road/023_downloads_dry_dry_raod_35.jpg,training_data/scene_classifier/train/dry_road/0029_023_downloads_dry_dry_raod_35.jpg
train,dry_road,7acc6fa7bf2e0463c543a181226290ceab17696bd70ae1da1f12aa5f3c14c7dc,C:\Users\Shweatlana Mahapatra\Desktop\Force For Good\flood-depth-estimator-v3-SM_Sep\training_data\road_scene_classifier\test\dry_road\012_dry_some-desert-places.webp,training_data/road_scene_classifier/test/dry_road/012_dry_some-desert-places.webp,training_data/scene_classifier/train/dry_road/0030_012_dry_some-desert-places.webp
validation,dry_road,7c9f959414f272fcdfd38ef99219e2ebb74bef5b95a73ad0edcf3aaa48640a6d,C:\Users\Shweatlana Mahapatra\Desktop\Force For Good\flood-depth-estimator-v3-SM_Sep\training_data\road_scene_classifier\train\dry_road\024_downloads_dry_dry_raod_12.jpg,C:/Users/abhij/OneDrive/Desktop/WellLabs/flood_project_cleaned/training_data/road_scene_classifier/train/dry_road/024_downloads_dry_dry_raod_12.jpg,training_data/scene_classifier/validation/dry_road/0031_024_downloads_dry_dry_raod_12.jpg
train,dry_road,8055b63e5092627f12edf5b1c542d657b20d6d96459fb5f86e466cf108d9be75,C:\Users\Shweatlana Mahapatra\Desktop\Force For Good\flood-depth-estimator-v3-SM_Sep\training_data\road_scene_classifier\test\dry_road\011_dry_road_gir.jpg,training_data/road_scene_classifier/test/dry_road/011_dry_road_gir.jpg,training_data/scene_classifier/train/dry_road/0032_011_dry_road_gir.jpg
train,dry_road,81e7cd990f4053b8467b3dd4bd90d3bc7b5714c058d440bdcb2f0d711f5c24ec,C:\Users\Shweatlana Mahapatra\Desktop\Force For Good\flood-depth-estimator-v3-SM_Sep\training_data\road_scene_classifier\train\dry_road\025_downloads_dry_dry_raod_14.jpg,C:/Users/abhij/OneDrive/Desktop/WellLabs/flood_project_cleaned/training_data/road_scene_classifier/train/dry_road/025_downloads_dry_dry_raod_14.jpg,training_data/scene_classifier/train/dry_road/0033_025_downloads_dry_dry_raod_14.jpg
train,dry_road,834f579d938a1e820f28f4a75c792714efd2a28287de8a9711ae64507a5f35dd,C:\Users\Shweatlana Mahapatra\Desktop\Force For Good\flood-depth-estimator-v3-SM_Sep\training_data\road_scene_classifier\train\dry_road\026_downloads_dry_dry_raod_39.jpg,C:/Users/abhij/OneDrive/Desktop/WellLabs/flood_project_cleaned/training_data/road_scene_classifier/train/dry_road/026_downloads_dry_dry_raod_39.jpg,training_data/scene_classifier/train/dry_road/0034_026_downloads_dry_dry_raod_39.jpg
test,dry_road,8d2c6dc72b7a8a9887e60afe9af4be6057f7ad2fc5f38e5d82a6ad9a86477af1,C:\Users\Shweatlana Mahapatra\Desktop\Force For Good\flood-depth-estimator-v3-SM_Sep\training_data\road_scene_classifier\train\dry_road\027_downloads_dry_dry_raod_18.jpg,C:/Users/abhij/OneDrive/Desktop/WellLabs/flood_project_cleaned/training_data/road_scene_classifier/train/dry_road/027_downloads_dry_dry_raod_18.jpg,training_data/scene_classifier/test/dry_road/0035_027_downloads_dry_dry_raod_18.jpg
train,dry_road,916df4d060fe8ad021b7fb43b1bc8a9c665cc83ca14ef0acaf38ecbb193f93b2,C:\Users\Shweatlana Mahapatra\Desktop\Force For Good\flood-depth-estimator-v3-SM_Sep\training_data\road_scene_classifier\train\dry_road\028_downloads_dry_dry_raod_28.jpg,C:/Users/abhij/OneDrive/Desktop/WellLabs/flood_project_cleaned/training_data/road_scene_classifier/train/dry_road/028_downloads_dry_dry_raod_28.jpg,training_data/scene_classifier/train/dry_road/0036_028_downloads_dry_dry_raod_28.jpg
train,dry_road,9363bb8db3d02099aa26ed5c5b69012eaf815fb36bc213c230e556da9d529675,C:\Users\Shweatlana Mahapatra\Desktop\Force For Good\flood-depth-estimator-v3-SM_Sep\training_data\road_scene_classifier\train\dry_road\029_downloads_dry_dry_raod_20.jpg,C:/Users/abhij/OneDrive/Desktop/WellLabs/flood_project_cleaned/training_data/road_scene_classifier/train/dry_road/029_downloads_dry_dry_raod_20.jpg,training_data/scene_classifier/train/dry_road/0037_029_downloads_dry_dry_raod_20.jpg
train,dry_road,9fa3e017cb20a180d644e848e5f56e0c694e13733f6202f97d38eaceadfd9eb1,C:\Users\Shweatlana Mahapatra\Desktop\Force For Good\flood-depth-estimator-v3-SM_Sep\training_data\road_scene_classifier\train\dry_road\030_downloads_dry_dry_raod_06.jpg,C:/Users/abhij/OneDrive/Desktop/WellLabs/flood_project_cleaned/training_data/road_scene_classifier/train/dry_road/030_downloads_dry_dry_raod_06.jpg,training_data/scene_classifier/train/dry_road/0038_030_downloads_dry_dry_raod_06.jpg
train,dry_road,ab7ce5bd782d9dbfae9675bc2c2cbd24563bc596b538f7297e0ff78656a1cc9b,C:\Users\Shweatlana Mahapatra\Desktop\Force For Good\flood-depth-estimator-v3-SM_Sep\training_data\road_scene_classifier\train\dry_road\003_dry_desert-country.webp,training_data/road_scene_classifier/train/dry_road/003_dry_desert-country.webp,training_data/scene_classifier/train/dry_road/0039_003_dry_desert-country.webp
test,dry_road,acb20b12b833dc6f2073461a9f87641f3f676cc6f9dd469d34f1d2f0033ebe4b,C:\Users\Shweatlana Mahapatra\Desktop\Force For Good\flood-depth-estimator-v3-SM_Sep\training_data\road_scene_classifier\train\dry_road\031_downloads_dry_dry_raod_29.jpg,C:/Users/abhij/OneDrive/Desktop/WellLabs/flood_project_cleaned/training_data/road_scene_classifier/train/dry_road/031_downloads_dry_dry_raod_29.jpg,training_data/scene_classifier/test/dry_road/0040_031_downloads_dry_dry_raod_29.jpg
train,dry_road,adcb51fb07c55cabc133fe5e8ac66fd790a1612cbac36227f3268af3b49133d2,C:\Users\Shweatlana Mahapatra\Desktop\Force For Good\flood-depth-estimator-v3-SM_Sep\training_data\road_scene_classifier\validation\dry_road\032_downloads_dry_dry_raod_34.jpg,C:/Users/abhij/OneDrive/Desktop/WellLabs/flood_project_cleaned/training_data/road_scene_classifier/validation/dry_road/032_downloads_dry_dry_raod_34.jpg,training_data/scene_classifier/train/dry_road/0041_032_downloads_dry_dry_raod_34.jpg
train,dry_road,b0583ef82e8f5f23e596ecbb7814df5175b5df67218178a97d259215e27e8ca1,C:\Users\Shweatlana Mahapatra\Desktop\Force For Good\flood-depth-estimator-v3-SM_Sep\training_data\road_scene_classifier\validation\dry_road\033_downloads_dry_dry_raod_36.jpg,C:/Users/abhij/OneDrive/Desktop/WellLabs/flood_project_cleaned/training_data/road_scene_classifier/validation/dry_road/033_downloads_dry_dry_raod_36.jpg,training_data/scene_classifier/train/dry_road/0042_033_downloads_dry_dry_raod_36.jpg
test,dry_road,c08ddf51525ef4158a305e527480a58259fa78b8eeb5c5f39ee3d87c3f66b328,C:\Users\Shweatlana Mahapatra\Desktop\Force For Good\flood-depth-estimator-v3-SM_Sep\training_data\road_scene_classifier\validation\dry_road\034_downloads_dry_dry_raod_10.jpg,C:/Users/abhij/OneDrive/Desktop/WellLabs/flood_project_cleaned/training_data/road_scene_classifier/validation/dry_road/034_downloads_dry_dry_raod_10.jpg,training_data/scene_classifier/test/dry_road/0043_034_downloads_dry_dry_raod_10.jpg
train,dry_road,c92b9cf1fd78893db67e7d9237fc9b8206b4a587a8d0d84b15872089e0284ed4,C:\Users\Shweatlana Mahapatra\Desktop\Force For Good\flood-depth-estimator-v3-SM_Sep\training_data\road_scene_classifier\train\dry_road\010_atharva_dry road _1.jpg,C:/Users/abhij/OneDrive/Desktop/WellLabs/flood_project_cleaned/training_data/road_scene_classifier/train/dry_road/010_atharva_dry road _1.jpg,training_data/scene_classifier/train/dry_road/0044_010_atharva_dry road _1.jpg
train,dry_road,c98af6b367073492f509e1a396776fef18d3598c7d4f597b5a6f825d45dd15dc,C:\Users\Shweatlana Mahapatra\Desktop\Force For Good\flood-depth-estimator-v3-SM_Sep\training_data\road_scene_classifier\validation\dry_road\035_downloads_dry_dry_raod_30.jpg,C:/Users/abhij/OneDrive/Desktop/WellLabs/flood_project_cleaned/training_data/road_scene_classifier/validation/dry_road/035_downloads_dry_dry_raod_30.jpg,training_data/scene_classifier/train/dry_road/0045_035_downloads_dry_dry_raod_30.jpg
test,dry_road,cc954c8c22d1eda34c9e11820c96919460ec7293be0c98d3b18493bc3b1cdaff,C:\Users\Shweatlana Mahapatra\Desktop\Force For Good\flood-depth-estimator-v3-SM_Sep\training_data\road_scene_classifier\validation\dry_road\036_downloads_dry_dry_raod_25.jpg,C:/Users/abhij/OneDrive/Desktop/WellLabs/flood_project_cleaned/training_data/road_scene_classifier/validation/dry_road/036_downloads_dry_dry_raod_25.jpg,training_data/scene_classifier/test/dry_road/0046_036_downloads_dry_dry_raod_25.jpg
train,dry_road,d33cff7c496eeec3810ff56a4063efb6194c69f9fb5fb1c3e16391544c38185f,C:\Users\Shweatlana Mahapatra\Desktop\Force For Good\flood-depth-estimator-v3-SM_Sep\training_data\road_scene_classifier\validation\dry_road\037_downloads_dry_dry_raod_43.jpg,C:/Users/abhij/OneDrive/Desktop/WellLabs/flood_project_cleaned/training_data/road_scene_classifier/validation/dry_road/037_downloads_dry_dry_raod_43.jpg,training_data/scene_classifier/train/dry_road/0047_037_downloads_dry_dry_raod_43.jpg
train,dry_road,d4be1ad1c76ce961fdb9c71d96250fce22192142c0f6d2fea76c7477cdbac1b3,C:\Users\Shweatlana Mahapatra\Desktop\Force For Good\flood-depth-estimator-v3-SM_Sep\training_data\road_scene_classifier\test\dry_road\038_downloads_dry_dry_raod_07.jpg,C:/Users/abhij/OneDrive/Desktop/WellLabs/flood_project_cleaned/training_data/road_scene_classifier/test/dry_road/038_downloads_dry_dry_raod_07.jpg,training_data/scene_classifier/train/dry_road/0048_038_downloads_dry_dry_raod_07.jpg
train,dry_road,d5d181e5bcd92af406f68515f4c50739b71364813be8bf9605aa1d3b7b8eaabb,C:\Users\Shweatlana Mahapatra\Desktop\Force For Good\flood-depth-estimator-v3-SM_Sep\training_data\road_scene_classifier\test\dry_road\013_dry_sunset_road_land.webp,training_data/road_scene_classifier/test/dry_road/013_dry_sunset_road_land.webp,training_data/scene_classifier/train/dry_road/0049_013_dry_sunset_road_land.webp
test,dry_road,d70e27f96cefeb5a7447cb32c402b78b5e11c91906604bd7ad4ce6f6ac0887bf,C:\Users\Shweatlana Mahapatra\Desktop\Force For Good\flood-depth-estimator-v3-SM_Sep\training_data\road_scene_classifier\test\dry_road\039_downloads_dry_dry_raod_05.jpg,C:/Users/abhij/OneDrive/Desktop/WellLabs/flood_project_cleaned/training_data/road_scene_classifier/test/dry_road/039_downloads_dry_dry_raod_05.jpg,training_data/scene_classifier/test/dry_road/0050_039_downloads_dry_dry_raod_05.jpg
train,dry_road,d74cf0a35cc10cefb04aeab5ea6d606084c3ed449c265ae9850c7349de46d0d1,C:\Users\Shweatlana Mahapatra\Desktop\Force For Good\flood-depth-estimator-v3-SM_Sep\training_data\road_scene_classifier\test\dry_road\040_downloads_dry_dry_raod_40.jpg,C:/Users/abhij/OneDrive/Desktop/WellLabs/flood_project_cleaned/training_data/road_scene_classifier/test/dry_road/040_downloads_dry_dry_raod_40.jpg,training_data/scene_classifier/train/dry_road/0051_040_downloads_dry_dry_raod_40.jpg
test,dry_road,d9bc44f2f26904802772bfa147f60c679d38e5bfb66899f07e439b1e86c5bd58,C:\Users\Shweatlana Mahapatra\Desktop\Force For Good\flood-depth-estimator-v3-SM_Sep\training_data\road_scene_classifier\test\dry_road\041_downloads_dry_dry_raod_44.jpg,C:/Users/abhij/OneDrive/Desktop/WellLabs/flood_project_cleaned/training_data/road_scene_classifier/test/dry_road/041_downloads_dry_dry_raod_44.jpg,training_data/scene_classifier/test/dry_road/0052_041_downloads_dry_dry_raod_44.jpg
test,dry_road,deb0b275740a6dc862fdde0fceade38de6a9029de92bca64cf403b4b610486e0,C:\Users\Shweatlana Mahapatra\Desktop\Force For Good\flood-depth-estimator-v3-SM_Sep\training_data\road_scene_classifier\test\dry_road\042_downloads_dry_dry_raod_02.jpg,C:/Users/abhij/OneDrive/Desktop/WellLabs/flood_project_cleaned/training_data/road_scene_classifier/test/dry_road/042_downloads_dry_dry_raod_02.jpg,training_data/scene_classifier/test/dry_road/0053_042_downloads_dry_dry_raod_02.jpg
test,dry_road,e3962f9f273435edff3b8fbe70d54183a38b5ceb3f62bc1a336bded56714ddcf,C:\Users\Shweatlana Mahapatra\Desktop\Force For Good\flood-depth-estimator-v3-SM_Sep\training_data\road_scene_classifier\test\dry_road\043_downloads_dry_dry_raod_42.jpg,C:/Users/abhij/OneDrive/Desktop/WellLabs/flood_project_cleaned/training_data/road_scene_classifier/test/dry_road/043_downloads_dry_dry_raod_42.jpg,training_data/scene_classifier/test/dry_road/0054_043_downloads_dry_dry_raod_42.jpg
test,dry_road,ea1f9aa5fc8dab5fe5f17c042b9d6f708e9b54e72b902268c3627c828bd47cc5,C:\Users\Shweatlana Mahapatra\Desktop\Force For Good\flood-depth-estimator-v3-SM_Sep\training_data\road_scene_classifier\train\dry_road\009_dry_landscape-view-lonely-dead-tree-260nw-1705648108.webp,training_data/road_scene_classifier/train/dry_road/009_dry_landscape-view-lonely-dead-tree-260nw-1705648108.webp,training_data/scene_classifier/test/dry_road/0055_009_dry_landscape-view-lonely-dead-tree-260nw-1705648108.webp
train,dry_road,f321972492488fb979c7c72cc805d515266167acfa155a020af96ec2dd1ba2a2,C:\Users\Shweatlana Mahapatra\Desktop\Force For Good\flood-depth-estimator-v3-SM_Sep\training_data\road_scene_classifier\test\dry_road\044_downloads_dry_dry_raod_16.jpg,C:/Users/abhij/OneDrive/Desktop/WellLabs/flood_project_cleaned/training_data/road_scene_classifier/test/dry_road/044_downloads_dry_dry_raod_16.jpg,training_data/scene_classifier/train/dry_road/0056_044_downloads_dry_dry_raod_16.jpg
test,dry_road,f3312fd3b72f885792cf00cb67d9462d70791b64733d74d8243493183aadfa63,C:\Users\Shweatlana Mahapatra\Desktop\Force For Good\flood-depth-estimator-v3-SM_Sep\training_data\road_scene_classifier\train\dry_road\005_dry_draught_1.jpg,training_data/road_scene_classifier/train/dry_road/005_dry_draught_1.jpg,training_data/scene_classifier/test/dry_road/0057_005_dry_draught_1.jpg
test,dry_road,f60c83a9dd960c4080310388fead7e1c392b66ecaf478710f71b23de0a11c850,C:\Users\Shweatlana Mahapatra\Desktop\Force For Good\flood-depth-estimator-v3-SM_Sep\training_data\road_scene_classifier\test\dry_road\045_downloads_dry_dry_raod_27.jpg,C:/Users/abhij/OneDrive/Desktop/WellLabs/flood_project_cleaned/training_data/road_scene_classifier/test/dry_road/045_downloads_dry_dry_raod_27.jpg,training_data/scene_classifier/test/dry_road/0058_045_downloads_dry_dry_raod_27.jpg
train,dry_road,f9f5793e3e7f643a555284fe2146026111b76fd8b1439e68b10359ec531ea0a6,C:\Users\Shweatlana Mahapatra\Desktop\Force For Good\flood-depth-estimator-v3-SM_Sep\training_data\road_scene_classifier\validation\dry_road\010_dry_lonely-trees-beside-dirt-road.webp,training_data/road_scene_classifier/validation/dry_road/010_dry_lonely-trees-beside-dirt-road.webp,training_data/scene_classifier/train/dry_road/0059_010_dry_lonely-trees-beside-dirt-road.webp
train,wet_road,0107b7802106088ea5e1f86610a775a929b350531561127478a754c0816579ad,C:\Users\Shweatlana Mahapatra\Desktop\Force For Good\flood-depth-estimator-v3-SM_Sep\training_data\road_scene_classifier\train\wet_road\001_downloads_wet_wet_raod_01.jpg,C:/Users/abhij/OneDrive/Desktop/WellLabs/flood_project_cleaned/training_data/road_scene_classifier/train/wet_road/001_downloads_wet_wet_raod_01.jpg,training_data/scene_classifier/train/wet_road/0001_001_downloads_wet_wet_raod_01.jpg
validation,wet_road,01193d6dfafb4e6deb9b982ef3d22fae15edede70fc96c5234313e7c26cb5c2e,C:\Users\Shweatlana Mahapatra\Desktop\Force For Good\flood-depth-estimator-v3-SM_Sep\training_data\road_scene_classifier\train\wet_road\002_downloads_wet_wet_raod_05.jpg,C:/Users/abhij/OneDrive/Desktop/WellLabs/flood_project_cleaned/training_data/road_scene_classifier/train/wet_road/002_downloads_wet_wet_raod_05.jpg,training_data/scene_classifier/validation/wet_road/0002_002_downloads_wet_wet_raod_05.jpg
train,wet_road,0671c014dbfc0002eef5e646b55578ac326549cb99866a1dd3dc12caff41208b,C:\Users\Shweatlana Mahapatra\Desktop\Force For Good\flood-depth-estimator-v3-SM_Sep\training_data\road_scene_classifier\train\wet_road\003_downloads_wet_wet_raod_47.jpg,C:/Users/abhij/OneDrive/Desktop/WellLabs/flood_project_cleaned/training_data/road_scene_classifier/train/wet_road/003_downloads_wet_wet_raod_47.jpg,training_data/scene_classifier/train/wet_road/0003_003_downloads_wet_wet_raod_47.jpg
test,wet_road,08fe017c77e22e6a9d971a826b504a4f1586ff49c4d0ede6dbacede458f205fe,C:\Users\Shweatlana Mahapatra\Desktop\Force For Good\flood-depth-estimator-v3-SM_Sep\training_data\road_scene_classifier\train\wet_road\004_wet road _12.jpg,training_data/road_scene_classifier/train/wet_road/004_wet road _12.jpg,training_data/scene_classifier/test/wet_road/0004_004_wet road _12.jpg
test,wet_road,0d54eb42ab754cdc204c4a9bb10854dfa32256f15ba3faf69727057026a020c0,C:\Users\Shweatlana Mahapatra\Desktop\Force For Good\flood-depth-estimator-v3-SM_Sep\training_data\road_scene_classifier\train\wet_road\004_downloads_wet_wet_raod_36.jpg,C:/Users/abhij/OneDrive/Desktop/WellLabs/flood_project_cleaned/training_data/road_scene_classifier/train/wet_road/004_downloads_wet_wet_raod_36.jpg,training_data/scene_classifier/test/wet_road/0005_004_downloads_wet_wet_raod_36.jpg
validation,wet_road,112e1dedfdcb47f15e19a6d2b41f3d256e04f1457b2b2dcdfa1acdaa867fa2bf,C:\Users\Shweatlana Mahapatra\Desktop\Force For Good\flood-depth-estimator-v3-SM_Sep\training_data\road_scene_classifier\train\wet_road\005_wet road _2.jpg,training_data/road_scene_classifier/train/wet_road/005_wet road _2.jpg,training_data/scene_classifier/validation/wet_road/0006_005_wet road _2.jpg
train,wet_road,17bcc054929fcd9ee75cf98296439f769a4779c6df278a27dec704573b06761a,C:\Users\Shweatlana Mahapatra\Desktop\Force For Good\flood-depth-estimator-v3-SM_Sep\training_data\road_scene_classifier\train\wet_road\005_downloads_wet_wet_raod_49.jpg,C:/Users/abhij/OneDrive/Desktop/WellLabs/flood_project_cleaned/training_data/road_scene_classifier/train/wet_road/005_downloads_wet_wet_raod_49.jpg,training_data/scene_classifier/train/wet_road/0007_005_downloads_wet_wet_raod_49.jpg
train,wet_road,1a916bccacca2969932a4a07c7ff61a5d29c611d66209e692f6d9cec9a2d888a,C:\Users\Shweatlana Mahapatra\Desktop\Force For Good\flood-depth-estimator-v3-SM_Sep\training_data\road_scene_classifier\train\wet_road\006_downloads_wet_wet_raod_25.jpg,C:/Users/abhij/OneDrive/Desktop/WellLabs/flood_project_cleaned/training_data/road_scene_classifier/train/wet_road/006_downloads_wet_wet_raod_25.jpg,training_data/scene_classifier/train/wet_road/0008_006_downloads_wet_wet_raod_25.jpg
train,wet_road,1beb371ace9253a7d73bc7e08fc0be6c22d572de68b8c9e38e261084bcf30da5,C:\Users\Shweatlana Mahapatra\Desktop\Force For Good\flood-depth-estimator-v3-SM_Sep\training_data\road_scene_classifier\train\wet_road\007_downloads_wet_wet_raod_03.jpg,C:/Users/abhij/OneDrive/Desktop/WellLabs/flood_project_cleaned/training_data/road_scene_classifier/train/wet_road/007_downloads_wet_wet_raod_03.jpg,training_data/scene_classifier/train/wet_road/0009_007_downloads_wet_wet_raod_03.jpg
validation,wet_road,1db3eb4dd1d785cfdb015b16a2d416057686fab503c67a3d5f1fc9b0fe602b27,C:\Users\Shweatlana Mahapatra\Desktop\Force For Good\flood-depth-estimator-v3-SM_Sep\training_data\road_scene_classifier\train\wet_road\008_downloads_wet_wet_raod_43.jpg,C:/Users/abhij/OneDrive/Desktop/WellLabs/flood_project_cleaned/training_data/road_scene_classifier/train/wet_road/008_downloads_wet_wet_raod_43.jpg,training_data/scene_classifier/validation/wet_road/0010_008_downloads_wet_wet_raod_43.jpg
test,wet_road,1dd6b0add536c3db55f5b7707f3bf42e3799fbfedc08b374111f8221b22f7073,C:\Users\Shweatlana Mahapatra\Desktop\Force For Good\flood-depth-estimator-v3-SM_Sep\training_data\road_scene_classifier\train\wet_road\009_downloads_wet_wet_raod_45.jpg,C:/Users/abhij/OneDrive/Desktop/WellLabs/flood_project_cleaned/training_data/road_scene_classifier/train/wet_road/009_downloads_wet_wet_raod_45.jpg,training_data/scene_classifier/test/wet_road/0011_009_downloads_wet_wet_raod_45.jpg
train,wet_road,1f1601e2fb8bd4b4bede7aa0c987065e1de7edbfab20dc04d0561a747c9fa509,C:\Users\Shweatlana Mahapatra\Desktop\Force For Good\flood-depth-estimator-v3-SM_Sep\training_data\road_scene_classifier\train\wet_road\007_wet road _4.jpg,training_data/road_scene_classifier/train/wet_road/007_wet road _4.jpg,training_data/scene_classifier/train/wet_road/0012_007_wet road _4.jpg
train,wet_road,229bb901e99846964ee7e7d356520eeed7e56bdead573140ee6464d44ff9f199,C:\Users\Shweatlana Mahapatra\Desktop\Force For Good\flood-depth-estimator-v3-SM_Sep\training_data\road_scene_classifier\train\wet_road\010_downloads_wet_wet_raod_34.webp,C:/Users/abhij/OneDrive/Desktop/WellLabs/flood_project_cleaned/training_data/road_scene_classifier/train/wet_road/010_downloads_wet_wet_raod_34.webp,training_data/scene_classifier/train/wet_road/0013_010_downloads_wet_wet_raod_34.webp
train,wet_road,26bb213c5b2c9fa8817cdd0446ca670315a374e38e2571dafac0a2cf98e7dccb,C:\Users\Shweatlana Mahapatra\Desktop\Force For Good\flood-depth-estimator-v3-SM_Sep\training_data\road_scene_classifier\train\wet_road\011_downloads_wet_wet_raod_09.jpg,C:/Users/abhij/OneDrive/Desktop/WellLabs/flood_project_cleaned/training_data/road_scene_classifier/train/wet_road/011_downloads_wet_wet_raod_09.jpg,training_data/scene_classifier/train/wet_road/0014_011_downloads_wet_wet_raod_09.jpg
train,wet_road,2a05ae81101b3a2f5024c7be81d7a6064d709c3f5bf27a47ac5152e3a379fde4,C:\Users\Shweatlana Mahapatra\Desktop\Force For Good\flood-depth-estimator-v3-SM_Sep\training_data\road_scene_classifier\train\wet_road\012_downloads_wet_wet_raod_07.jpg,C:/Users/abhij/OneDrive/Desktop/WellLabs/flood_project_cleaned/training_data/road_scene_classifier/train/wet_road/012_downloads_wet_wet_raod_07.jpg,training_data/scene_classifier/train/wet_road/0015_012_downloads_wet_wet_raod_07.jpg
train,wet_road,2bd21799952700d7ccf771606439f815571da2774c749fea8ceae95041325aa2,C:\Users\Shweatlana Mahapatra\Desktop\Force For Good\flood-depth-estimator-v3-SM_Sep\training_data\road_scene_classifier\train\wet_road\013_downloads_wet_wet_raod_16.jpg,C:/Users/abhij/OneDrive/Desktop/WellLabs/flood_project_cleaned/training_data/road_scene_classifier/train/wet_road/013_downloads_wet_wet_raod_16.jpg,training_data/scene_classifier/train/wet_road/0016_013_downloads_wet_wet_raod_16.jpg
test,wet_road,308f3a128d326c37c1a611315ea1fe74816823f3a15ee55f3f2ea664800d1955,C:\Users\Shweatlana Mahapatra\Desktop\Force For Good\flood-depth-estimator-v3-SM_Sep\training_data\road_scene_classifier\train\wet_road\014_downloads_wet_wet_raod_19.jpg,C:/Users/abhij/OneDrive/Desktop/WellLabs/flood_project_cleaned/training_data/road_scene_classifier/train/wet_road/014_downloads_wet_wet_raod_19.jpg,training_data/scene_classifier/test/wet_road/0017_014_downloads_wet_wet_raod_19.jpg
validation,wet_road,343bdb05a7acee0e8d1afb2d5ed55f23b6b1e8ca3580c24a11d278115c4d4775,C:\Users\Shweatlana Mahapatra\Desktop\Force For Good\flood-depth-estimator-v3-SM_Sep\training_data\road_scene_classifier\train\wet_road\015_downloads_wet_wet_raod_26.jpg,C:/Users/abhij/OneDrive/Desktop/WellLabs/flood_project_cleaned/training_data/road_scene_classifier/train/wet_road/015_downloads_wet_wet_raod_26.jpg,training_data/scene_classifier/validation/wet_road/0018_015_downloads_wet_wet_raod_26.jpg
train,wet_road,37845b9f6d665cdaec16c697921d22185e4d1251bb9f4a06e96f9ac51dbe5146,C:\Users\Shweatlana Mahapatra\Desktop\Force For Good\flood-depth-estimator-v3-SM_Sep\training_data\road_scene_classifier\train\wet_road\016_downloads_wet_wet_raod_44.jpg,C:/Users/abhij/OneDrive/Desktop/WellLabs/flood_project_cleaned/training_data/road_scene_classifier/train/wet_road/016_downloads_wet_wet_raod_44.jpg,training_data/scene_classifier/train/wet_road/0019_016_downloads_wet_wet_raod_44.jpg
test,wet_road,3cd7842f05756bef15b45686ce14bb6af741a10aca4a112480fb8e3d3a111edb,C:\Users\Shweatlana Mahapatra\Desktop\Force For Good\flood-depth-estimator-v3-SM_Sep\training_data\road_scene_classifier\train\wet_road\017_downloads_wet_wet_raod_14.jpg,C:/Users/abhij/OneDrive/Desktop/WellLabs/flood_project_cleaned/training_data/road_scene_classifier/train/wet_road/017_downloads_wet_wet_raod_14.jpg,training_data/scene_classifier/test/wet_road/0020_017_downloads_wet_wet_raod_14.jpg
train,wet_road,497ce5a774a5cdc2e39286603deaa858e91a31a521dd99c568d66160844862c5,C:\Users\Shweatlana Mahapatra\Desktop\Force For Good\flood-depth-estimator-v3-SM_Sep\training_data\road_scene_classifier\train\wet_road\018_downloads_wet_wet_raod_06.jpg,C:/Users/abhij/OneDrive/Desktop/WellLabs/flood_project_cleaned/training_data/road_scene_classifier/train/wet_road/018_downloads_wet_wet_raod_06.jpg,training_data/scene_classifier/train/wet_road/0021_018_downloads_wet_wet_raod_06.jpg
test,wet_road,5649c5c2d644b55e60580ea5a2b60fb02d3000ff755cf1bd4e0cb73cd7c94942,C:\Users\Shweatlana Mahapatra\Desktop\Force For Good\flood-depth-estimator-v3-SM_Sep\training_data\road_scene_classifier\train\wet_road\019_downloads_wet_wet_raod_41.jpg,C:/Users/abhij/OneDrive/Desktop/WellLabs/flood_project_cleaned/training_data/road_scene_classifier/train/wet_road/019_downloads_wet_wet_raod_41.jpg,training_data/scene_classifier/test/wet_road/0022_019_downloads_wet_wet_raod_41.jpg
train,wet_road,5abff5131b294903c6613fe168517dcfaa141b6786a6e63506b357f06c10d75f,C:\Users\Shweatlana Mahapatra\Desktop\Force For Good\flood-depth-estimator-v3-SM_Sep\training_data\road_scene_classifier\train\wet_road\020_downloads_wet_wet_raod_21.jpg,C:/Users/abhij/OneDrive/Desktop/WellLabs/flood_project_cleaned/training_data/road_scene_classifier/train/wet_road/020_downloads_wet_wet_raod_21.jpg,training_data/scene_classifier/train/wet_road/0023_020_downloads_wet_wet_raod_21.jpg
validation,wet_road,69dd40569ab95045cce4ddffc874da0bf0935d4e7bcff141f6b101df3fe49dd2,C:\Users\Shweatlana Mahapatra\Desktop\Force For Good\flood-depth-estimator-v3-SM_Sep\training_data\road_scene_classifier\train\wet_road\021_downloads_wet_wet_raod_22.jpg,C:/Users/abhij/OneDrive/Desktop/WellLabs/flood_project_cleaned/training_data/road_scene_classifier/train/wet_road/021_downloads_wet_wet_raod_22.jpg,training_data/scene_classifier/validation/wet_road/0024_021_downloads_wet_wet_raod_22.jpg
train,wet_road,73d6bb70699936c603ab61a47475885ab14c6773b07d04548f2a16f8330b942f,C:\Users\Shweatlana Mahapatra\Desktop\Force For Good\flood-depth-estimator-v3-SM_Sep\training_data\road_scene_classifier\train\wet_road\008_wet road _5.jpg,training_data/road_scene_classifier/train/wet_road/008_wet road _5.jpg,training_data/scene_classifier/train/wet_road/0025_008_wet road _5.jpg
validation,wet_road,792f85c67022ef13201131aa2235fe10140b27f4846578ea017a9b958246a463,C:\Users\Shweatlana Mahapatra\Desktop\Force For Good\flood-depth-estimator-v3-SM_Sep\training_data\road_scene_classifier\train\wet_road\003_wet road _11.jpg,training_data/road_scene_classifier/train/wet_road/003_wet road _11.jpg,training_data/scene_classifier/validation/wet_road/0026_003_wet road _11.jpg
test,wet_road,7d21188223eb0917eeffaba54d4dc21a5d3fddf55730aa177847dd4c0d12e2ee,C:\Users\Shweatlana Mahapatra\Desktop\Force For Good\flood-depth-estimator-v3-SM_Sep\training_data\road_scene_classifier\train\wet_road\022_downloads_wet_wet_raod_08.jpg,C:/Users/abhij/OneDrive/Desktop/WellLabs/flood_project_cleaned/training_data/road_scene_classifier/train/wet_road/022_downloads_wet_wet_raod_08.jpg,training_data/scene_classifier/test/wet_road/0027_022_downloads_wet_wet_raod_08.jpg
train,wet_road,882e494b17c5b71655a881805c94328ab8fa94ca03e0767a1d702218f43cb0af,C:\Users\Shweatlana Mahapatra\Desktop\Force For Good\flood-depth-estimator-v3-SM_Sep\training_data\road_scene_classifier\train\wet_road\023_downloads_wet_wet_raod_38.jpg,C:/Users/abhij/OneDrive/Desktop/WellLabs/flood_project_cleaned/training_data/road_scene_classifier/train/wet_road/023_downloads_wet_wet_raod_38.jpg,training_data/scene_classifier/train/wet_road/0028_023_downloads_wet_wet_raod_38.jpg
train,wet_road,8bef32ed546a2d9342d4719f44a8f36673a84fd1f34e5bcd4b8c0a8652d51f11,C:\Users\Shweatlana Mahapatra\Desktop\Force For Good\flood-depth-estimator-v3-SM_Sep\training_data\road_scene_classifier\train\wet_road\024_downloads_wet_wet_raod_42.jpg,C:/Users/abhij/OneDrive/Desktop/WellLabs/flood_project_cleaned/training_data/road_scene_classifier/train/wet_road/024_downloads_wet_wet_raod_42.jpg,training_data/scene_classifier/train/wet_road/0029_024_downloads_wet_wet_raod_42.jpg
train,wet_road,9065d753b73edbcefed5cb566104ec1ee97335bc404ed44ddabcf4e49cd42701,C:\Users\Shweatlana Mahapatra\Desktop\Force For Good\flood-depth-estimator-v3-SM_Sep\training_data\road_scene_classifier\train\wet_road\025_downloads_wet_wet_raod_50.jpg,C:/Users/abhij/OneDrive/Desktop/WellLabs/flood_project_cleaned/training_data/road_scene_classifier/train/wet_road/025_downloads_wet_wet_raod_50.jpg,training_data/scene_classifier/train/wet_road/0030_025_downloads_wet_wet_raod_50.jpg
test,wet_road,926b6df8f50c78e223680a446f6b7ab3f5ad8a26314cc0e64a0e7fadfbbe1d91,C:\Users\Shweatlana Mahapatra\Desktop\Force For Good\flood-depth-estimator-v3-SM_Sep\training_data\road_scene_classifier\train\wet_road\026_downloads_wet_wet_raod_10.jpg,C:/Users/abhij/OneDrive/Desktop/WellLabs/flood_project_cleaned/training_data/road_scene_classifier/train/wet_road/026_downloads_wet_wet_raod_10.jpg,training_data/scene_classifier/test/wet_road/0031_026_downloads_wet_wet_raod_10.jpg
train,wet_road,958b1c413be04e6ea1a0d72672c0c8288e9646fb084eeeb135ae1d53acc21b27,C:\Users\Shweatlana Mahapatra\Desktop\Force For Good\flood-depth-estimator-v3-SM_Sep\training_data\road_scene_classifier\train\wet_road\027_downloads_wet_wet_raod_46.jpg,C:/Users/abhij/OneDrive/Desktop/WellLabs/flood_project_cleaned/training_data/road_scene_classifier/train/wet_road/027_downloads_wet_wet_raod_46.jpg,training_data/scene_classifier/train/wet_road/0032_027_downloads_wet_wet_raod_46.jpg
train,wet_road,9802ed2cc8d34bc2783380741fe5fddd180c97e57705c96dab594e0deda81605,C:\Users\Shweatlana Mahapatra\Desktop\Force For Good\flood-depth-estimator-v3-SM_Sep\training_data\road_scene_classifier\train\wet_road\028_downloads_wet_-rain-soaked-street-nighttime-vehicles-driving-puddles.jpg,C:/Users/abhij/OneDrive/Desktop/WellLabs/flood_project_cleaned/training_data/road_scene_classifier/train/wet_road/028_downloads_wet_-rain-soaked-street-nighttime-vehicles-driving-puddles.jpg,training_data/scene_classifier/train/wet_road/0033_028_downloads_wet_-rain-soaked-street-nighttime-vehicles-driving-puddles.jpg
train,wet_road,9895c67b13bc31c261965745e470c2c1af0f82d20d049c34b32309677837a754,C:\Users\Shweatlana Mahapatra\Desktop\Force For Good\flood-depth-estimator-v3-SM_Sep\training_data\road_scene_classifier\train\wet_road\001_wet road _1.jpg,training_data/road_scene_classifier/train/wet_road/001_wet road _1.jpg,training_data/scene_classifier/train/wet_road/0034_001_wet road _1.jpg
train,wet_road,995133dbb11ae235da9da6649a05f245db0be4015424744a7dab2d12afe3cd49,C:\Users\Shweatlana Mahapatra\Desktop\Force For Good\flood-depth-estimator-v3-SM_Sep\training_data\road_scene_classifier\train\wet_road\029_downloads_wet_wet_raod_13.jpg,C:/Users/abhij/OneDrive/Desktop/WellLabs/flood_project_cleaned/training_data/road_scene_classifier/train/wet_road/029_downloads_wet_wet_raod_13.jpg,training_data/scene_classifier/train/wet_road/0035_029_downloads_wet_wet_raod_13.jpg
test,wet_road,9e4a20216dfdfcafd44fa3262203ccbc5da3cecda2834ace6b459bf011bd085e,C:\Users\Shweatlana Mahapatra\Desktop\Force For Good\flood-depth-estimator-v3-SM_Sep\training_data\road_scene_classifier\train\wet_road\030_downloads_wet_wet_raod_23.jpg,C:/Users/abhij/OneDrive/Desktop/WellLabs/flood_project_cleaned/training_data/road_scene_classifier/train/wet_road/030_downloads_wet_wet_raod_23.jpg,training_data/scene_classifier/test/wet_road/0036_030_downloads_wet_wet_raod_23.jpg
train,wet_road,9f274d45e1dfcee5492e0db890f6e1fab898368f213b86d905faf305550f3215,C:\Users\Shweatlana Mahapatra\Desktop\Force For Good\flood-depth-estimator-v3-SM_Sep\training_data\road_scene_classifier\test\wet_road\010_wet road _7.jpg,training_data/road_scene_classifier/test/wet_road/010_wet road _7.jpg,training_data/scene_classifier/train/wet_road/0037_010_wet road _7.jpg
train,wet_road,9fdc252150c4877c2c90af104d77bf2823e93a95dffe51a122171d261e6f6ef1,C:\Users\Shweatlana Mahapatra\Desktop\Force For Good\flood-depth-estimator-v3-SM_Sep\training_data\road_scene_classifier\train\wet_road\031_downloads_wet_wet_raod_18.jpg,C:/Users/abhij/OneDrive/Desktop/WellLabs/flood_project_cleaned/training_data/road_scene_classifier/train/wet_road/031_downloads_wet_wet_raod_18.jpg,training_data/scene_classifier/train/wet_road/0038_031_downloads_wet_wet_raod_18.jpg
train,wet_road,a0c8e947c092850db62907c3965478a09599a6b9dbc7dc5deafc422b9ca3f016,C:\Users\Shweatlana Mahapatra\Desktop\Force For Good\flood-depth-estimator-v3-SM_Sep\training_data\road_scene_classifier\train\wet_road\032_downloads_wet_wet_raod_48.jpg,C:/Users/abhij/OneDrive/Desktop/WellLabs/flood_project_cleaned/training_data/road_scene_classifier/train/wet_road/032_downloads_wet_wet_raod_48.jpg,training_data/scene_classifier/train/wet_road/0039_032_downloads_wet_wet_raod_48.jpg
train,wet_road,a60066fe892cebf7867008c864e53a76e3a393af8623dc769d0a6e6794098267,C:\Users\Shweatlana Mahapatra\Desktop\Force For Good\flood-depth-estimator-v3-SM_Sep\training_data\road_scene_classifier\train\wet_road\033_downloads_wet_wet_raod_04.jpg,C:/Users/abhij/OneDrive/Desktop/WellLabs/flood_project_cleaned/training_data/road_scene_classifier/train/wet_road/033_downloads_wet_wet_raod_04.jpg,training_data/scene_classifier/train/wet_road/0040_033_downloads_wet_wet_raod_04.jpg
train,wet_road,ab316d58f192c888e1dcc49bbbb6dd2eeaffc6eb0fe13560f65788faa3ab7fc7,C:\Users\Shweatlana Mahapatra\Desktop\Force For Good\flood-depth-estimator-v3-SM_Sep\training_data\road_scene_classifier\validation\wet_road\009_wet road _6.jpg,training_data/road_scene_classifier/validation/wet_road/009_wet road _6.jpg,training_data/scene_classifier/train/wet_road/0041_009_wet road _6.jpg
test,wet_road,ab8d077045f5245bc7ccd0d4a8cd760d83ec4813302e9d386590d26fd908b408,C:\Users\Shweatlana Mahapatra\Desktop\Force For Good\flood-depth-estimator-v3-SM_Sep\training_data\road_scene_classifier\train\wet_road\034_downloads_wet_wet_raod_29.jpg,C:/Users/abhij/OneDrive/Desktop/WellLabs/flood_project_cleaned/training_data/road_scene_classifier/train/wet_road/034_downloads_wet_wet_raod_29.jpg,training_data/scene_classifier/test/wet_road/0042_034_downloads_wet_wet_raod_29.jpg
train,wet_road,aeb66ed17bbd98b35c66fb38a191a7171c16d65d7b7dcac101cfd73f635db3fb,C:\Users\Shweatlana Mahapatra\Desktop\Force For Good\flood-depth-estimator-v3-SM_Sep\training_data\road_scene_classifier\validation\wet_road\035_downloads_wet_wet_raod_20.jpg,C:/Users/abhij/OneDrive/Desktop/WellLabs/flood_project_cleaned/training_data/road_scene_classifier/validation/wet_road/035_downloads_wet_wet_raod_20.jpg,training_data/scene_classifier/train/wet_road/0043_035_downloads_wet_wet_raod_20.jpg
train,wet_road,af1d4f810f87f472831767e30e32a1745ab36365df5c0b935f831d94980c7cbf,C:\Users\Shweatlana Mahapatra\Desktop\Force For Good\flood-depth-estimator-v3-SM_Sep\training_data\road_scene_classifier\validation\wet_road\036_downloads_wet_wet_raod_39.jpg,C:/Users/abhij/OneDrive/Desktop/WellLabs/flood_project_cleaned/training_data/road_scene_classifier/validation/wet_road/036_downloads_wet_wet_raod_39.jpg,training_data/scene_classifier/train/wet_road/0044_036_downloads_wet_wet_raod_39.jpg
test,wet_road,b176b399477ac34f3795097560659da2abdee976fa0826b4dc58614c4c058bba,C:\Users\Shweatlana Mahapatra\Desktop\Force For Good\flood-depth-estimator-v3-SM_Sep\training_data\road_scene_classifier\train\wet_road\002_wet road _10.jpg,training_data/road_scene_classifier/train/wet_road/002_wet road _10.jpg,training_data/scene_classifier/test/wet_road/0045_002_wet road _10.jpg
train,wet_road,b63ddf5c2db39966c66856d0ce589c9ee5078861ac89b699ea08b150c33f85b4,C:\Users\Shweatlana Mahapatra\Desktop\Force For Good\flood-depth-estimator-v3-SM_Sep\training_data\road_scene_classifier\validation\wet_road\037_downloads_wet_wet_raod_27.jpg,C:/Users/abhij/OneDrive/Desktop/WellLabs/flood_project_cleaned/training_data/road_scene_classifier/validation/wet_road/037_downloads_wet_wet_raod_27.jpg,training_data/scene_classifier/train/wet_road/0046_037_downloads_wet_wet_raod_27.jpg
train,wet_road,ba70c7f90b5143cae71a10570ff995ef2b1dc916c945bfa082f52ceda19edbc1,C:\Users\Shweatlana Mahapatra\Desktop\Force For Good\flood-depth-estimator-v3-SM_Sep\training_data\road_scene_classifier\validation\wet_road\038_downloads_wet_wet_raod_28.jpg,C:/Users/abhij/OneDrive/Desktop/WellLabs/flood_project_cleaned/training_data/road_scene_classifier/validation/wet_road/038_downloads_wet_wet_raod_28.jpg,training_data/scene_classifier/train/wet_road/0047_038_downloads_wet_wet_raod_28.jpg
test,wet_road,be304b1bf11e3c1a040e5841adfe32be7bd3cc887a0c7033b5768411368d2183,C:\Users\Shweatlana Mahapatra\Desktop\Force For Good\flood-depth-estimator-v3-SM_Sep\training_data\road_scene_classifier\validation\wet_road\039_downloads_wet_wet_raod_15.jpg,C:/Users/abhij/OneDrive/Desktop/WellLabs/flood_project_cleaned/training_data/road_scene_classifier/validation/wet_road/039_downloads_wet_wet_raod_15.jpg,training_data/scene_classifier/test/wet_road/0048_039_downloads_wet_wet_raod_15.jpg
train,wet_road,c28fd5df81341f629e87c851abc85c281018d116cb993d557c15c0ecf17035b5,C:\Users\Shweatlana Mahapatra\Desktop\Force For Good\flood-depth-estimator-v3-SM_Sep\training_data\road_scene_classifier\train\wet_road\006_wet road _3.jpg,training_data/road_scene_classifier/train/wet_road/006_wet road _3.jpg,training_data/scene_classifier/train/wet_road/0049_006_wet road _3.jpg
train,wet_road,c7e620e40a0cee6279a80544eec446a82338100c372571aebab0e24d66f39311,C:\Users\Shweatlana Mahapatra\Desktop\Force For Good\flood-depth-estimator-v3-SM_Sep\training_data\road_scene_classifier\validation\wet_road\040_downloads_wet_wet_raod_40.jpg,C:/Users/abhij/OneDrive/Desktop/WellLabs/flood_project_cleaned/training_data/road_scene_classifier/validation/wet_road/040_downloads_wet_wet_raod_40.jpg,training_data/scene_classifier/train/wet_road/0050_040_downloads_wet_wet_raod_40.jpg
train,wet_road,d527d35f74e631fb75921e82cfcd6138c95139e9b0fa76b98ad5f566e4435477,C:\Users\Shweatlana Mahapatra\Desktop\Force For Good\flood-depth-estimator-v3-SM_Sep\training_data\road_scene_classifier\validation\wet_road\041_downloads_wet_wet_raod_12.jpg,C:/Users/abhij/OneDrive/Desktop/WellLabs/flood_project_cleaned/training_data/road_scene_classifier/validation/wet_road/041_downloads_wet_wet_raod_12.jpg,training_data/scene_classifier/train/wet_road/0051_041_downloads_wet_wet_raod_12.jpg
test,wet_road,da88c738cbbf8f39b330410c47858603f44a2883e95a073298ff7da027059168,C:\Users\Shweatlana Mahapatra\Desktop\Force For Good\flood-depth-estimator-v3-SM_Sep\training_data\road_scene_classifier\test\wet_road\042_downloads_wet_wet_raod_17.jpg,C:/Users/abhij/OneDrive/Desktop/WellLabs/flood_project_cleaned/training_data/road_scene_classifier/test/wet_road/042_downloads_wet_wet_raod_17.jpg,training_data/scene_classifier/test/wet_road/0052_042_downloads_wet_wet_raod_17.jpg
train,wet_road,df469e0ec528946420fcd9e9235c8d7ee1aa484cd94d1365c3f58abf2e82d9d2,C:\Users\Shweatlana Mahapatra\Desktop\Force For Good\flood-depth-estimator-v3-SM_Sep\training_data\road_scene_classifier\test\wet_road\043_downloads_wet_wet_raod_11.jpg,C:/Users/abhij/OneDrive/Desktop/WellLabs/flood_project_cleaned/training_data/road_scene_classifier/test/wet_road/043_downloads_wet_wet_raod_11.jpg,training_data/scene_classifier/train/wet_road/0053_043_downloads_wet_wet_raod_11.jpg
test,wet_road,e0be91547264976b6c7351443bea436eb518bd7f0e197f2d6bb177016153f5ed,C:\Users\Shweatlana Mahapatra\Desktop\Force For Good\flood-depth-estimator-v3-SM_Sep\training_data\road_scene_classifier\test\wet_road\044_downloads_wet_wet_raod_37.jpg,C:/Users/abhij/OneDrive/Desktop/WellLabs/flood_project_cleaned/training_data/road_scene_classifier/test/wet_road/044_downloads_wet_wet_raod_37.jpg,training_data/scene_classifier/test/wet_road/0054_044_downloads_wet_wet_raod_37.jpg
test,wet_road,eab8c672a49ee80dff40a0f35781d1f23223428f9b348510dc7600eee1ab4bb5,C:\Users\Shweatlana Mahapatra\Desktop\Force For Good\flood-depth-estimator-v3-SM_Sep\training_data\road_scene_classifier\test\wet_road\045_downloads_wet_wet_raod_31.jpg,C:/Users/abhij/OneDrive/Desktop/WellLabs/flood_project_cleaned/training_data/road_scene_classifier/test/wet_road/045_downloads_wet_wet_raod_31.jpg,training_data/scene_classifier/test/wet_road/0055_045_downloads_wet_wet_raod_31.jpg
test,wet_road,ebceaa2f3438f795f0ac8840cdf95531dcd8781904505a1b3a89bea680de3f1f,C:\Users\Shweatlana Mahapatra\Desktop\Force For Good\flood-depth-estimator-v3-SM_Sep\training_data\road_scene_classifier\test\wet_road\011_wet road _8.jpg,training_data/road_scene_classifier/test/wet_road/011_wet road _8.jpg,training_data/scene_classifier/test/wet_road/0056_011_wet road _8.jpg
test,wet_road,ec95f003bb931d8b0d2fc902e7064be49d36d3fdb4a7c1713bedcd9632e235a2,C:\Users\Shweatlana Mahapatra\Desktop\Force For Good\flood-depth-estimator-v3-SM_Sep\training_data\road_scene_classifier\test\wet_road\046_downloads_wet_wet_raod_33.jpg,C:/Users/abhij/OneDrive/Desktop/WellLabs/flood_project_cleaned/training_data/road_scene_classifier/test/wet_road/046_downloads_wet_wet_raod_33.jpg,training_data/scene_classifier/test/wet_road/0057_046_downloads_wet_wet_raod_33.jpg
train,wet_road,f866aff62c48e6d267deee289beefb50625779bee1f9c2a9ab57276d2d995b08,C:\Users\Shweatlana Mahapatra\Desktop\Force For Good\flood-depth-estimator-v3-SM_Sep\training_data\road_scene_classifier\test\wet_road\047_downloads_wet_wet_raod_32.jpg,C:/Users/abhij/OneDrive/Desktop/WellLabs/flood_project_cleaned/training_data/road_scene_classifier/test/wet_road/047_downloads_wet_wet_raod_32.jpg,training_data/scene_classifier/train/wet_road/0058_047_downloads_wet_wet_raod_32.jpg
test,wet_road,fb023f2635f1cf03aead17209c5147627eb7b37684659c8d84001a1d5a9cb593,C:\Users\Shweatlana Mahapatra\Desktop\Force For Good\flood-depth-estimator-v3-SM_Sep\training_data\road_scene_classifier\test\wet_road\048_downloads_wet_wet_raod_30.jpg,C:/Users/abhij/OneDrive/Desktop/WellLabs/flood_project_cleaned/training_data/road_scene_classifier/test/wet_road/048_downloads_wet_wet_raod_30.jpg,training_data/scene_classifier/test/wet_road/0059_048_downloads_wet_wet_raod_30.jpg
test,wet_road,fe088213f3d6774f3ecea510c3643f6fd0192a8324da0e2c9020b3e8e2773a9f,C:\Users\Shweatlana Mahapatra\Desktop\Force For Good\flood-depth-estimator-v3-SM_Sep\training_data\road_scene_classifier\test\wet_road\049_downloads_wet_wet_raod_24.jpg,C:/Users/abhij/OneDrive/Desktop/WellLabs/flood_project_cleaned/training_data/road_scene_classifier/test/wet_road/049_downloads_wet_wet_raod_24.jpg,training_data/scene_classifier/test/wet_road/0060_049_downloads_wet_wet_raod_24.jpg
train,wet_road,fea73d2453c7f8684eeb30cfc87f1f166baa1b37ac35ca114c4b88dff81c90fc,C:\Users\Shweatlana Mahapatra\Desktop\Force For Good\flood-depth-estimator-v3-SM_Sep\training_data\road_scene_classifier\test\wet_road\012_wet road _9.jpg,training_data/road_scene_classifier/test/wet_road/012_wet road _9.jpg,training_data/scene_classifier/train/wet_road/0061_012_wet road _9.jpg
train,shallow_flood,058c160b034440ae676a7b7d6c2d1650e63acbda57edab1cec43f87f09cefda2,C:\Users\Shweatlana Mahapatra\Desktop\Force For Good\flood-depth-estimator-v3-SM_Sep\training_data\road_scene_classifier\train\shallow_flood\101_downloads_shallow_shallow_07.jpg,C:/Users/abhij/OneDrive/Desktop/WellLabs/flood_project_cleaned/training_data/road_scene_classifier/train/shallow_flood/101_downloads_shallow_shallow_07.jpg,training_data/scene_classifier/train/shallow_flood/0001_101_downloads_shallow_shallow_07.jpg
train,shallow_flood,0abb0cbeb12733eee7b6d16a2cbab3b5da3721a3289947c4a33ef54f7a841005,C:\Users\Shweatlana Mahapatra\Desktop\Force For Good\flood-depth-estimator-v3-SM_Sep\training_data\road_scene_classifier\train\shallow_flood\102_downloads_shallow_shallow_11.jpg,C:/Users/abhij/OneDrive/Desktop/WellLabs/flood_project_cleaned/training_data/road_scene_classifier/train/shallow_flood/102_downloads_shallow_shallow_11.jpg,training_data/scene_classifier/train/shallow_flood/0002_102_downloads_shallow_shallow_11.jpg
train,shallow_flood,0cb404aa58520b9eb4421d160b523811dcbcd355d2a8b89284029a46c71ae928,C:\Users\Shweatlana Mahapatra\Desktop\Force For Good\flood-depth-estimator-v3-SM_Sep\training_data\road_scene_classifier\train\shallow_flood\103_downloads_shallow_shallow_26.jpg,C:/Users/abhij/OneDrive/Desktop/WellLabs/flood_project_cleaned/training_data/road_scene_classifier/train/shallow_flood/103_downloads_shallow_shallow_26.jpg,training_data/scene_classifier/train/shallow_flood/0003_103_downloads_shallow_shallow_26.jpg
validation,shallow_flood,14028f5977805fd948a3ec1869053b99130f73b62ac58b5eb9368a67290f1852,C:\Users\Shweatlana Mahapatra\Desktop\Force For Good\flood-depth-estimator-v3-SM_Sep\training_data\road_scene_classifier\train\shallow_flood\104_downloads_shallow_shallow_04.jpg,C:/Users/abhij/OneDrive/Desktop/WellLabs/flood_project_cleaned/training_data/road_scene_classifier/train/shallow_flood/104_downloads_shallow_shallow_04.jpg,training_data/scene_classifier/validation/shallow_flood/0004_104_downloads_shallow_shallow_04.jpg
test,shallow_flood,1411db2ba9ff54ea6c4e16d0ee0639217c1c3511194fcbf5fe8a4664d722f0e6,C:\Users\Shweatlana Mahapatra\Desktop\Force For Good\flood-depth-estimator-v3-SM_Sep\training_data\road_scene_classifier\train\shallow_flood\105_downloads_shallow_shallow_10.jpg,C:/Users/abhij/OneDrive/Desktop/WellLabs/flood_project_cleaned/training_data/road_scene_classifier/train/shallow_flood/105_downloads_shallow_shallow_10.jpg,training_data/scene_classifier/test/shallow_flood/0005_105_downloads_shallow_shallow_10.jpg
train,shallow_flood,16a456e2b639cb17a20909dd79e3444166b768140bfa69fdf12d26e41666fb72,C:\Users\Shweatlana Mahapatra\Desktop\Force For Good\flood-depth-estimator-v3-SM_Sep\training_data\road_scene_classifier\train\shallow_flood\106_downloads_shallow_shallow_09.jpg,C:/Users/abhij/OneDrive/Desktop/WellLabs/flood_project_cleaned/training_data/road_scene_classifier/train/shallow_flood/106_downloads_shallow_shallow_09.jpg,training_data/scene_classifier/train/shallow_flood/0006_106_downloads_shallow_shallow_09.jpg
train,shallow_flood,19c46e6b128e1b233f217bcecbce514fe70b663137800973202d0a7bbc978612,C:\Users\Shweatlana Mahapatra\Desktop\Force For Good\flood-depth-estimator-v3-SM_Sep\training_data\road_scene_classifier\test\shallow_flood\022_image_2.jpg,training_data/road_scene_classifier/test/shallow_flood/022_image_2.jpg,training_data/scene_classifier/train/shallow_flood/0007_022_image_2.jpg
train,shallow_flood,1b5a6ee26755add8f87efbc5af38ca14c77d1996f95d606018dc0cdd3fd20178,C:\Users\Shweatlana Mahapatra\Desktop\Force For Good\flood-depth-estimator-v3-SM_Sep\training_data\road_scene_classifier\train\shallow_flood\004_10cm.jpg,training_data/road_scene_classifier/train/shallow_flood/004_10cm.jpg,training_data/scene_classifier/train/shallow_flood/0008_004_10cm.jpg
test,shallow_flood,1c54c3a5e77088ef128dd0f73155c6559921a3e5ed1ad0d59d72d2e020d829ec,C:\Users\Shweatlana Mahapatra\Desktop\Force For Good\flood-depth-estimator-v3-SM_Sep\training_data\road_scene_classifier\train\shallow_flood\107_downloads_shallow_shallow_30.jpg,C:/Users/abhij/OneDrive/Desktop/WellLabs/flood_project_cleaned/training_data/road_scene_classifier/train/shallow_flood/107_downloads_shallow_shallow_30.jpg,training_data/scene_classifier/test/shallow_flood/0009_107_downloads_shallow_shallow_30.jpg
train,shallow_flood,1d7bbef89a0e707d5e6e741632916c0e715b196ced380107577569dc6310db83,C:\Users\Shweatlana Mahapatra\Desktop\Force For Good\flood-depth-estimator-v3-SM_Sep\training_data\road_scene_classifier\train\shallow_flood\108_downloads_shallow_shallow_06.jpg,C:/Users/abhij/OneDrive/Desktop/WellLabs/flood_project_cleaned/training_data/road_scene_classifier/train/shallow_flood/108_downloads_shallow_shallow_06.jpg,training_data/scene_classifier/train/shallow_flood/0010_108_downloads_shallow_shallow_06.jpg
test,shallow_flood,1dccf9a05ec8a253ed9d65e5f00867d9f1d6419f69e887cc9c8bd221fd786866,C:\Users\Shweatlana Mahapatra\Desktop\Force For Good\flood-depth-estimator-v3-SM_Sep\training_data\road_scene_classifier\train\shallow_flood\109_downloads_shallow_shallow_13.jpg,C:/Users/abhij/OneDrive/Desktop/WellLabs/flood_project_cleaned/training_data/road_scene_classifier/train/shallow_flood/109_downloads_shallow_shallow_13.jpg,training_data/scene_classifier/test/shallow_flood/0011_109_downloads_shallow_shallow_13.jpg
train,shallow_flood,1fa10f8592f8497797239b57aedf0de3c187f1a2f8c7fd1e4f6a64a1cbd6ab28,C:\Users\Shweatlana Mahapatra\Desktop\Force For Good\flood-depth-estimator-v3-SM_Sep\training_data\road_scene_classifier\train\shallow_flood\007_15.00cm.jpg,training_data/road_scene_classifier/train/shallow_flood/007_15.00cm.jpg,training_data/scene_classifier/train/shallow_flood/0012_007_15.00cm.jpg
train,shallow_flood,1fb7c37f86efa7d3c525c2b659dd020efcc4e8ed321773e4cbe60d2953a30f8f,C:\Users\Shweatlana Mahapatra\Desktop\Force For Good\flood-depth-estimator-v3-SM_Sep\training_data\road_scene_classifier\validation\shallow_flood\021_image_16.jpg,training_data/road_scene_classifier/validation/shallow_flood/021_image_16.jpg,training_data/scene_classifier/train/shallow_flood/0013_021_image_16.jpg
validation,shallow_flood,20bf09a6fc5127b8a84d7d511bb188cc85414714c4bce7735877a2fc6d156629,C:\Users\Shweatlana Mahapatra\Desktop\Force For Good\flood-depth-estimator-v3-SM_Sep\training_data\road_scene_classifier\train\shallow_flood\002_10.0cm.jpg,training_data/road_scene_classifier/train/shallow_flood/002_10.0cm.jpg,training_data/scene_classifier/validation/shallow_flood/0014_002_10.0cm.jpg
test,shallow_flood,251cfd0b4dfca0f7bb7e612fc54e407278ff212f0f0e02233951e12814cb0812,C:\Users\Shweatlana Mahapatra\Desktop\Force For Good\flood-depth-estimator-v3-SM_Sep\training_data\road_scene_classifier\train\shallow_flood\008_15.00cm.png,training_data/road_scene_classifier/train/shallow_flood/008_15.00cm.png,training_data/scene_classifier/test/shallow_flood/0015_008_15.00cm.png
train,shallow_flood,2d57ab9630a21515bb5a81a65d9a47384c352bcb0904b0ddf18b78b6def384bf,C:\Users\Shweatlana Mahapatra\Desktop\Force For Good\flood-depth-estimator-v3-SM_Sep\training_data\road_scene_classifier\train\shallow_flood\110_downloads_shallow_shallow_32.jpg,C:/Users/abhij/OneDrive/Desktop/WellLabs/flood_project_cleaned/training_data/road_scene_classifier/train/shallow_flood/110_downloads_shallow_shallow_32.jpg,training_data/scene_classifier/train/shallow_flood/0016_110_downloads_shallow_shallow_32.jpg
validation,shallow_flood,39e01e74f873c6a28d12798687824f7097ba6c57ba80b318eeebde9cd1a11435,C:\Users\Shweatlana Mahapatra\Desktop\Force For Good\flood-depth-estimator-v3-SM_Sep\training_data\road_scene_classifier\train\shallow_flood\111_downloads_shallow_shallow_40.jpg,C:/Users/abhij/OneDrive/Desktop/WellLabs/flood_project_cleaned/training_data/road_scene_classifier/train/shallow_flood/111_downloads_shallow_shallow_40.jpg,training_data/scene_classifier/validation/shallow_flood/0017_111_downloads_shallow_shallow_40.jpg
train,shallow_flood,3e138a76684184098278c2b21f6cc201b4628785f19e388e67a7191dc4a144ee,C:\Users\Shweatlana Mahapatra\Desktop\Force For Good\flood-depth-estimator-v3-SM_Sep\training_data\road_scene_classifier\train\shallow_flood\112_downloads_shallow_shallow_16.jpg,C:/Users/abhij/OneDrive/Desktop/WellLabs/flood_project_cleaned/training_data/road_scene_classifier/train/shallow_flood/112_downloads_shallow_shallow_16.jpg,training_data/scene_classifier/train/shallow_flood/0018_112_downloads_shallow_shallow_16.jpg
train,shallow_flood,3f95edb8d266d633ea038b1900e54a61cd5b61240cd91e084711e34d8594e536,C:\Users\Shweatlana Mahapatra\Desktop\Force For Good\flood-depth-estimator-v3-SM_Sep\training_data\road_scene_classifier\validation\shallow_flood\020_7.5cm.jpg,training_data/road_scene_classifier/validation/shallow_flood/020_7.5cm.jpg,training_data/scene_classifier/train/shallow_flood/0019_020_7.5cm.jpg
train,shallow_flood,4c4244f17dc135cd74cee29339be0b881d5254fa609cfb71a13872aa156a64d2,C:\Users\Shweatlana Mahapatra\Desktop\Force For Good\flood-depth-estimator-v3-SM_Sep\training_data\road_scene_classifier\train\shallow_flood\113_downloads_shallow_shallow_36.jpg,C:/Users/abhij/OneDrive/Desktop/WellLabs/flood_project_cleaned/training_data/road_scene_classifier/train/shallow_flood/113_downloads_shallow_shallow_36.jpg,training_data/scene_classifier/train/shallow_flood/0020_113_downloads_shallow_shallow_36.jpg
test,shallow_flood,4feac14b01603afa78172ef8ddbc2d9658b4f492761b2ca8f67513be96cbea71,C:\Users\Shweatlana Mahapatra\Desktop\Force For Good\flood-depth-estimator-v3-SM_Sep\training_data\road_scene_classifier\train\shallow_flood\114_downloads_shallow_shallow_28.jpg,C:/Users/abhij/OneDrive/Desktop/WellLabs/flood_project_cleaned/training_data/road_scene_classifier/train/shallow_flood/114_downloads_shallow_shallow_28.jpg,training_data/scene_classifier/test/shallow_flood/0021_114_downloads_shallow_shallow_28.jpg
validation,shallow_flood,5182262f10e202116fc000ae2d0f33d75acf4199f10bd7314d083315c33fccf0,C:\Users\Shweatlana Mahapatra\Desktop\Force For Good\flood-depth-estimator-v3-SM_Sep\training_data\road_scene_classifier\train\shallow_flood\010_15.0cm.png,training_data/road_scene_classifier/train/shallow_flood/010_15.0cm.png,training_data/scene_classifier/validation/shallow_flood/0022_010_15.0cm.png
test,shallow_flood,551c1b7eb9ea664b9927be97adb9c1be7d5715c6929bc6e263914713a4572fb9,C:\Users\Shweatlana Mahapatra\Desktop\Force For Good\flood-depth-estimator-v3-SM_Sep\training_data\road_scene_classifier\validation\shallow_flood\019_7.50cm.jpg,training_data/road_scene_classifier/validation/shallow_flood/019_7.50cm.jpg,training_data/scene_classifier/test/shallow_flood/0023_019_7.50cm.jpg
train,shallow_flood,57469ae319a72c35ae2c20da4c10a2f7c2a8d43e9f408a9beb0731a24d903cbf,C:\Users\Shweatlana Mahapatra\Desktop\Force For Good\flood-depth-estimator-v3-SM_Sep\training_data\road_scene_classifier\test\shallow_flood\026_image_9.jpg,training_data/road_scene_classifier/test/shallow_flood/026_image_9.jpg,training_data/scene_classifier/train/shallow_flood/0024_026_image_9.jpg
train,shallow_flood,5d12b04640c64627f422ca42d53d16371997b1cde5813c7da3922e140817b725,C:\Users\Shweatlana Mahapatra\Desktop\Force For Good\flood-depth-estimator-v3-SM_Sep\training_data\road_scene_classifier\train\shallow_flood\115_downloads_shallow_shallow_17.jpg,C:/Users/abhij/OneDrive/Desktop/WellLabs/flood_project_cleaned/training_data/road_scene_classifier/train/shallow_flood/115_downloads_shallow_shallow_17.jpg,training_data/scene_classifier/train/shallow_flood/0025_115_downloads_shallow_shallow_17.jpg
train,shallow_flood,5dd245e8ab4f3623fa59580254b86d63fe8e507ab329438dc480df064d063a2c,C:\Users\Shweatlana Mahapatra\Desktop\Force For Good\flood-depth-estimator-v3-SM_Sep\training_data\road_scene_classifier\train\shallow_flood\116_downloads_shallow_shallow_33.jpg,C:/Users/abhij/OneDrive/Desktop/WellLabs/flood_project_cleaned/training_data/road_scene_classifier/train/shallow_flood/116_downloads_shallow_shallow_33.jpg,training_data/scene_classifier/train/shallow_flood/0026_116_downloads_shallow_shallow_33.jpg
train,shallow_flood,60924ef420d7f784eb3849ab88619cd6bafe9b8b60c3a79043e952c7ce452569,C:\Users\Shweatlana Mahapatra\Desktop\Force For Good\flood-depth-estimator-v3-SM_Sep\training_data\road_scene_classifier\train\shallow_flood\117_downloads_shallow_shallow_25.jpg,C:/Users/abhij/OneDrive/Desktop/WellLabs/flood_project_cleaned/training_data/road_scene_classifier/train/shallow_flood/117_downloads_shallow_shallow_25.jpg,training_data/scene_classifier/train/shallow_flood/0027_117_downloads_shallow_shallow_25.jpg
train,shallow_flood,68e7dd50ced616f73f6c8187d509dcfccf70e0727b0af773fb38b168f5e446c7,C:\Users\Shweatlana Mahapatra\Desktop\Force For Good\flood-depth-estimator-v3-SM_Sep\training_data\road_scene_classifier\train\shallow_flood\118_downloads_shallow_shallow_24.jpg,C:/Users/abhij/OneDrive/Desktop/WellLabs/flood_project_cleaned/training_data/road_scene_classifier/train/shallow_flood/118_downloads_shallow_shallow_24.jpg,training_data/scene_classifier/train/shallow_flood/0028_118_downloads_shallow_shallow_24.jpg
validation,shallow_flood,6e0865a787d02962e90b247be256a7df68c9a3d6f6e064d1e8390de29640b018,C:\Users\Shweatlana Mahapatra\Desktop\Force For Good\flood-depth-estimator-v3-SM_Sep\training_data\road_scene_classifier\train\shallow_flood\006_13cm.jpg,training_data/road_scene_classifier/train/shallow_flood/006_13cm.jpg,training_data/scene_classifier/validation/shallow_flood/0029_006_13cm.jpg
train,shallow_flood,729668cab87c6c8e533f66ea255ec48f920142a1d2f892205da4d5f934262faa,C:\Users\Shweatlana Mahapatra\Desktop\Force For Good\flood-depth-estimator-v3-SM_Sep\training_data\road_scene_classifier\test\shallow_flood\025_image_439.jpg,training_data/road_scene_classifier/test/shallow_flood/025_image_439.jpg,training_data/scene_classifier/train/shallow_flood/0030_025_image_439.jpg
test,shallow_flood,7298bbbca3e5b624bc6a6036aac8caea1d3c4aa454f90d697b28d2f87ceed4e3,C:\Users\Shweatlana Mahapatra\Desktop\Force For Good\flood-depth-estimator-v3-SM_Sep\training_data\road_scene_classifier\train\shallow_flood\016_5.0cm.jpg,training_data/road_scene_classifier/train/shallow_flood/016_5.0cm.jpg,training_data/scene_classifier/test/shallow_flood/0031_016_5.0cm.jpg
train,shallow_flood,7aa82bbbc44ad7c1c1ff02b0c8efb2f8a81c5d26faddde4bdaba31af78bad70c,C:\Users\Shweatlana Mahapatra\Desktop\Force For Good\flood-depth-estimator-v3-SM_Sep\training_data\road_scene_classifier\train\shallow_flood\119_downloads_shallow_shallow_05.jpg,C:/Users/abhij/OneDrive/Desktop/WellLabs/flood_project_cleaned/training_data/road_scene_classifier/train/shallow_flood/119_downloads_shallow_shallow_05.jpg,training_data/scene_classifier/train/shallow_flood/0032_119_downloads_shallow_shallow_05.jpg
validation,shallow_flood,7d90d5f70d9bff6acd70f13b62ecad50e2c55eff4db7731714d720bea95abccd,C:\Users\Shweatlana Mahapatra\Desktop\Force For Good\flood-depth-estimator-v3-SM_Sep\training_data\road_scene_classifier\train\shallow_flood\120_downloads_shallow_shallow_15.jpg,C:/Users/abhij/OneDrive/Desktop/WellLabs/flood_project_cleaned/training_data/road_scene_classifier/train/shallow_flood/120_downloads_shallow_shallow_15.jpg,training_data/scene_classifier/validation/shallow_flood/0033_120_downloads_shallow_shallow_15.jpg
train,shallow_flood,838caf614a13081e62ab9441ae3417f8a21781181ab0edec7f413e5cfacc2d7e,C:\Users\Shweatlana Mahapatra\Desktop\Force For Good\flood-depth-estimator-v3-SM_Sep\training_data\road_scene_classifier\train\shallow_flood\121_downloads_shallow_shallow_01.jpg,C:/Users/abhij/OneDrive/Desktop/WellLabs/flood_project_cleaned/training_data/road_scene_classifier/train/shallow_flood/121_downloads_shallow_shallow_01.jpg,training_data/scene_classifier/train/shallow_flood/0034_121_downloads_shallow_shallow_01.jpg
test,shallow_flood,85bd32e3daab856c20312213bd5ddc38c0358bbd0e29f85c9b06ca9c672c0843,C:\Users\Shweatlana Mahapatra\Desktop\Force For Good\flood-depth-estimator-v3-SM_Sep\training_data\road_scene_classifier\train\shallow_flood\122_downloads_shallow_shallow_38.jpg,C:/Users/abhij/OneDrive/Desktop/WellLabs/flood_project_cleaned/training_data/road_scene_classifier/train/shallow_flood/122_downloads_shallow_shallow_38.jpg,training_data/scene_classifier/test/shallow_flood/0035_122_downloads_shallow_shallow_38.jpg
test,shallow_flood,8664d0dcea3a18e0722010c74b74375f937dc219c48cafde9bb08a4810210815,C:\Users\Shweatlana Mahapatra\Desktop\Force For Good\flood-depth-estimator-v3-SM_Sep\training_data\road_scene_classifier\train\shallow_flood\014_15cm_2.jpg,training_data/road_scene_classifier/train/shallow_flood/014_15cm_2.jpg,training_data/scene_classifier/test/shallow_flood/0036_014_15cm_2.jpg
test,shallow_flood,8db34db132e2a2366e75ca547925634ea8a8765621ae8fe543d3099756d30290,C:\Users\Shweatlana Mahapatra\Desktop\Force For Good\flood-depth-estimator-v3-SM_Sep\training_data\road_scene_classifier\train\shallow_flood\123_downloads_shallow_shallow_35.jpg,C:/Users/abhij/OneDrive/Desktop/WellLabs/flood_project_cleaned/training_data/road_scene_classifier/train/shallow_flood/123_downloads_shallow_shallow_35.jpg,training_data/scene_classifier/test/shallow_flood/0037_123_downloads_shallow_shallow_35.jpg
train,shallow_flood,9542339c68050807de44fc38967bf7537b9207a870b7f49a7e6281116de9ef9e,C:\Users\Shweatlana Mahapatra\Desktop\Force For Good\flood-depth-estimator-v3-SM_Sep\training_data\road_scene_classifier\train\shallow_flood\009_15.0cm.jpg,training_data/road_scene_classifier/train/shallow_flood/009_15.0cm.jpg,training_data/scene_classifier/train/shallow_flood/0038_009_15.0cm.jpg
train,shallow_flood,9969aebe5a77c7e094505ad915522cd9398df7d99f1adc9b95a91bae5a4829b9,C:\Users\Shweatlana Mahapatra\Desktop\Force For Good\flood-depth-estimator-v3-SM_Sep\training_data\road_scene_classifier\train\shallow_flood\011_15.0cm_1.jpg,training_data/road_scene_classifier/train/shallow_flood/011_15.0cm_1.jpg,training_data/scene_classifier/train/shallow_flood/0039_011_15.0cm_1.jpg
validation,shallow_flood,a34e0f8512f12a459215a1fab5aa4bd59eb7614bafdbf546a4e08d952d81910a,C:\Users\Shweatlana Mahapatra\Desktop\Force For Good\flood-depth-estimator-v3-SM_Sep\training_data\road_scene_classifier\train\shallow_flood\124_downloads_shallow_shallow_39.jpg,C:/Users/abhij/OneDrive/Desktop/WellLabs/flood_project_cleaned/training_data/road_scene_classifier/train/shallow_flood/124_downloads_shallow_shallow_39.jpg,training_data/scene_classifier/validation/shallow_flood/0040_124_downloads_shallow_shallow_39.jpg
train,shallow_flood,a3514b48a6bfa80f0db1ac1f1da9e2add829196abca60cc754f4dc5d367f5868,C:\Users\Shweatlana Mahapatra\Desktop\Force For Good\flood-depth-estimator-v3-SM_Sep\training_data\road_scene_classifier\train\shallow_flood\125_downloads_shallow_shallow_18.jpg,C:/Users/abhij/OneDrive/Desktop/WellLabs/flood_project_cleaned/training_data/road_scene_classifier/train/shallow_flood/125_downloads_shallow_shallow_18.jpg,training_data/scene_classifier/train/shallow_flood/0041_125_downloads_shallow_shallow_18.jpg
train,shallow_flood,a3deeed8817c203b39078feec2aa5bf7614f7c7127fc185d100d818e564b3f4f,C:\Users\Shweatlana Mahapatra\Desktop\Force For Good\flood-depth-estimator-v3-SM_Sep\training_data\road_scene_classifier\train\shallow_flood\017_5cm.jpg,training_data/road_scene_classifier/train/shallow_flood/017_5cm.jpg,training_data/scene_classifier/train/shallow_flood/0042_017_5cm.jpg
test,shallow_flood,af4108babed31572cd98ca691b7a23fe9eca3b49b5f9601e8eed55ffa0054880,C:\Users\Shweatlana Mahapatra\Desktop\Force For Good\flood-depth-estimator-v3-SM_Sep\training_data\road_scene_classifier\train\shallow_flood\126_downloads_shallow_shallow_12.jpg,C:/Users/abhij/OneDrive/Desktop/WellLabs/flood_project_cleaned/training_data/road_scene_classifier/train/shallow_flood/126_downloads_shallow_shallow_12.jpg,training_data/scene_classifier/test/shallow_flood/0043_126_downloads_shallow_shallow_12.jpg
train,shallow_flood,b568c2016886cbf26c37ab48fb3231ee2d6d6a0defb1092ca432a9814a08a1b4,C:\Users\Shweatlana Mahapatra\Desktop\Force For Good\flood-depth-estimator-v3-SM_Sep\training_data\road_scene_classifier\train\shallow_flood\001_10.00cm.jpg,training_data/road_scene_classifier/train/shallow_flood/001_10.00cm.jpg,training_data/scene_classifier/train/shallow_flood/0044_001_10.00cm.jpg
train,shallow_flood,b7d444f11e8a584f24bd4ac61277b18bab01737a62998fcdfedef2958c86f320,C:\Users\Shweatlana Mahapatra\Desktop\Force For Good\flood-depth-estimator-v3-SM_Sep\training_data\road_scene_classifier\train\shallow_flood\127_downloads_shallow_shallow_23.jpg,C:/Users/abhij/OneDrive/Desktop/WellLabs/flood_project_cleaned/training_data/road_scene_classifier/train/shallow_flood/127_downloads_shallow_shallow_23.jpg,training_data/scene_classifier/train/shallow_flood/0045_127_downloads_shallow_shallow_23.jpg
train,shallow_flood,b7f809671ca3b7097d5d81fb97838a0c186892820a660a9a47d18a2dbbe07deb,C:\Users\Shweatlana Mahapatra\Desktop\Force For Good\flood-depth-estimator-v3-SM_Sep\training_data\road_scene_classifier\train\shallow_flood\128_downloads_shallow_shallow_27.jpg,C:/Users/abhij/OneDrive/Desktop/WellLabs/flood_project_cleaned/training_data/road_scene_classifier/train/shallow_flood/128_downloads_shallow_shallow_27.jpg,training_data/scene_classifier/train/shallow_flood/0046_128_downloads_shallow_shallow_27.jpg
train,shallow_flood,b971836dc888c6c209a52dec24d24374efbc2ce3a44da5bd016b6ef725e2034e,C:\Users\Shweatlana Mahapatra\Desktop\Force For Good\flood-depth-estimator-v3-SM_Sep\training_data\road_scene_classifier\train\shallow_flood\005_10cm_1.jpg,training_data/road_scene_classifier/train/shallow_flood/005_10cm_1.jpg,training_data/scene_classifier/train/shallow_flood/0047_005_10cm_1.jpg
train,shallow_flood,ba79ddde141b76eddd10ae5924963ac5ef3e6b70a96bad386aac823a34878f1d,C:\Users\Shweatlana Mahapatra\Desktop\Force For Good\flood-depth-estimator-v3-SM_Sep\training_data\road_scene_classifier\test\shallow_flood\024_image_433.jpg,training_data/road_scene_classifier/test/shallow_flood/024_image_433.jpg,training_data/scene_classifier/train/shallow_flood/0048_024_image_433.jpg
test,shallow_flood,bf692bb19682d320f264cba8245477bf08f38f4e7457159383ead22c68ff6834,C:\Users\Shweatlana Mahapatra\Desktop\Force For Good\flood-depth-estimator-v3-SM_Sep\training_data\road_scene_classifier\validation\shallow_flood\129_downloads_shallow_shallow_02.jpg,C:/Users/abhij/OneDrive/Desktop/WellLabs/flood_project_cleaned/training_data/road_scene_classifier/validation/shallow_flood/129_downloads_shallow_shallow_02.jpg,training_data/scene_classifier/test/shallow_flood/0049_129_downloads_shallow_shallow_02.jpg
train,shallow_flood,c1855fcca2a9ec91cfc3dee45065728255f2377510c923805fac5f3d50308201,C:\Users\Shweatlana Mahapatra\Desktop\Force For Good\flood-depth-estimator-v3-SM_Sep\training_data\road_scene_classifier\validation\shallow_flood\130_downloads_shallow_shallow_21.jpg,C:/Users/abhij/OneDrive/Desktop/WellLabs/flood_project_cleaned/training_data/road_scene_classifier/validation/shallow_flood/130_downloads_shallow_shallow_21.jpg,training_data/scene_classifier/train/shallow_flood/0050_130_downloads_shallow_shallow_21.jpg
test,shallow_flood,c4b32caba16668abf705902827ca85e3b3ca47a309927df399c051cc46c12ad5,C:\Users\Shweatlana Mahapatra\Desktop\Force For Good\flood-depth-estimator-v3-SM_Sep\training_data\road_scene_classifier\train\shallow_flood\013_15cm_1.jpg,training_data/road_scene_classifier/train/shallow_flood/013_15cm_1.jpg,training_data/scene_classifier/test/shallow_flood/0051_013_15cm_1.jpg
test,shallow_flood,c9b30fa3b0682757489aeae2fe4de493c9e57ab15a54a68337265b3854dfae8c,C:\Users\Shweatlana Mahapatra\Desktop\Force For Good\flood-depth-estimator-v3-SM_Sep\training_data\road_scene_classifier\validation\shallow_flood\131_downloads_shallow_shallow_29.jpg,C:/Users/abhij/OneDrive/Desktop/WellLabs/flood_project_cleaned/training_data/road_scene_classifier/validation/shallow_flood/131_downloads_shallow_shallow_29.jpg,training_data/scene_classifier/test/shallow_flood/0052_131_downloads_shallow_shallow_29.jpg
train,shallow_flood,cd9356cf2f525631a4da434ea678e821d5769d91563dfc69279d29d7fe5b7bb0,C:\Users\Shweatlana Mahapatra\Desktop\Force For Good\flood-depth-estimator-v3-SM_Sep\training_data\road_scene_classifier\train\shallow_flood\003_10.0cm_1.jpg,training_data/road_scene_classifier/train/shallow_flood/003_10.0cm_1.jpg,training_data/scene_classifier/train/shallow_flood/0053_003_10.0cm_1.jpg
train,shallow_flood,ce4610af89d93081e35d6c19a7cbd165261477b66c8a146d75ebcf6001ae79a8,C:\Users\Shweatlana Mahapatra\Desktop\Force For Good\flood-depth-estimator-v3-SM_Sep\training_data\road_scene_classifier\validation\shallow_flood\132_downloads_shallow_shallow_34.jpg,C:/Users/abhij/OneDrive/Desktop/WellLabs/flood_project_cleaned/training_data/road_scene_classifier/validation/shallow_flood/132_downloads_shallow_shallow_34.jpg,training_data/scene_classifier/train/shallow_flood/0054_132_downloads_shallow_shallow_34.jpg
test,shallow_flood,dd40427fa13241ade31de29cdabe224f63c98be27242a899f7965099ae3f6395,C:\Users\Shweatlana Mahapatra\Desktop\Force For Good\flood-depth-estimator-v3-SM_Sep\training_data\road_scene_classifier\validation\shallow_flood\133_downloads_shallow_shallow_14.jpg,C:/Users/abhij/OneDrive/Desktop/WellLabs/flood_project_cleaned/training_data/road_scene_classifier/validation/shallow_flood/133_downloads_shallow_shallow_14.jpg,training_data/scene_classifier/test/shallow_flood/0055_133_downloads_shallow_shallow_14.jpg
train,shallow_flood,dd88220ceba18e6cdac8e293bba1bb36a60fd5f15ef4c22830f24bf6997876c7,C:\Users\Shweatlana Mahapatra\Desktop\Force For Good\flood-depth-estimator-v3-SM_Sep\training_data\road_scene_classifier\train\shallow_flood\012_15cm.jpg,training_data/road_scene_classifier/train/shallow_flood/012_15cm.jpg,training_data/scene_classifier/train/shallow_flood/0056_012_15cm.jpg
train,shallow_flood,de24fc1158a4c32b60ca321ee94d981e8d4406e26fdb80e090fdc2a706110863,C:\Users\Shweatlana Mahapatra\Desktop\Force For Good\flood-depth-estimator-v3-SM_Sep\training_data\road_scene_classifier\train\shallow_flood\018_5cm_1.jpg,training_data/road_scene_classifier/train/shallow_flood/018_5cm_1.jpg,training_data/scene_classifier/train/shallow_flood/0057_018_5cm_1.jpg
train,shallow_flood,deb24f1f07fb7d77d973ac8126acf940ac7f75ef22c95bf5b809c1c955812948,C:\Users\Shweatlana Mahapatra\Desktop\Force For Good\flood-depth-estimator-v3-SM_Sep\training_data\road_scene_classifier\validation\shallow_flood\134_downloads_shallow_shallow_08.jpg,C:/Users/abhij/OneDrive/Desktop/WellLabs/flood_project_cleaned/training_data/road_scene_classifier/validation/shallow_flood/134_downloads_shallow_shallow_08.jpg,training_data/scene_classifier/train/shallow_flood/0058_134_downloads_shallow_shallow_08.jpg
test,shallow_flood,e3ba62320f42a6f68b4672ae437b527d66eb8922659798b909b82a712634a796,C:\Users\Shweatlana Mahapatra\Desktop\Force For Good\flood-depth-estimator-v3-SM_Sep\training_data\road_scene_classifier\test\shallow_flood\135_downloads_shallow_shallow_20.jpg,C:/Users/abhij/OneDrive/Desktop/WellLabs/flood_project_cleaned/training_data/road_scene_classifier/test/shallow_flood/135_downloads_shallow_shallow_20.jpg,training_data/scene_classifier/test/shallow_flood/0059_135_downloads_shallow_shallow_20.jpg
train,shallow_flood,e766d49e7708ce87c3accb63e8d6ca695e4fb6ec9966e3017751df1bdbe02974,C:\Users\Shweatlana Mahapatra\Desktop\Force For Good\flood-depth-estimator-v3-SM_Sep\training_data\road_scene_classifier\test\shallow_flood\136_downloads_shallow_shallow_03.jpg,C:/Users/abhij/OneDrive/Desktop/WellLabs/flood_project_cleaned/training_data/road_scene_classifier/test/shallow_flood/136_downloads_shallow_shallow_03.jpg,training_data/scene_classifier/train/shallow_flood/0060_136_downloads_shallow_shallow_03.jpg
test,shallow_flood,e79f161aa1e8007a734492a7e2fc95aac74e134be462f266fa9e026e6541f5f1,C:\Users\Shweatlana Mahapatra\Desktop\Force For Good\flood-depth-estimator-v3-SM_Sep\training_data\road_scene_classifier\train\shallow_flood\015_2cm.jpg,training_data/road_scene_classifier/train/shallow_flood/015_2cm.jpg,training_data/scene_classifier/test/shallow_flood/0061_015_2cm.jpg
train,shallow_flood,f6d03aeb4326c11a8bc19d0e057d83de1cc46a2dfa4e0ba0dcdd964fc9d70bf8,C:\Users\Shweatlana Mahapatra\Desktop\Force For Good\flood-depth-estimator-v3-SM_Sep\training_data\road_scene_classifier\test\shallow_flood\137_downloads_shallow_shallow_22.jpg,C:/Users/abhij/OneDrive/Desktop/WellLabs/flood_project_cleaned/training_data/road_scene_classifier/test/shallow_flood/137_downloads_shallow_shallow_22.jpg,training_data/scene_classifier/train/shallow_flood/0062_137_downloads_shallow_shallow_22.jpg
test,shallow_flood,fbec711146d04f055400866a4c7a8da4aa9d5538ce6d01b2b295d91e19e4814e,C:\Users\Shweatlana Mahapatra\Desktop\Force For Good\flood-depth-estimator-v3-SM_Sep\training_data\road_scene_classifier\test\shallow_flood\138_downloads_shallow_shallow_19.jpg,C:/Users/abhij/OneDrive/Desktop/WellLabs/flood_project_cleaned/training_data/road_scene_classifier/test/shallow_flood/138_downloads_shallow_shallow_19.jpg,training_data/scene_classifier/test/shallow_flood/0063_138_downloads_shallow_shallow_19.jpg
train,shallow_flood,fd33da59491ed30d349ff993f23ca37d5c108d794cdbaba79e8e65a3ce7eb42f,C:\Users\Shweatlana Mahapatra\Desktop\Force For Good\flood-depth-estimator-v3-SM_Sep\training_data\road_scene_classifier\test\shallow_flood\139_downloads_shallow_shallow_31.jpg,C:/Users/abhij/OneDrive/Desktop/WellLabs/flood_project_cleaned/training_data/road_scene_classifier/test/shallow_flood/139_downloads_shallow_shallow_31.jpg,training_data/scene_classifier/train/shallow_flood/0064_139_downloads_shallow_shallow_31.jpg
test,shallow_flood,fd619a74d665a26d8c16b2215f8673d16c047a2868423bd9d50ce400fb986725,C:\Users\Shweatlana Mahapatra\Desktop\Force For Good\flood-depth-estimator-v3-SM_Sep\training_data\road_scene_classifier\test\shallow_flood\140_downloads_shallow_shallow_37.jpg,C:/Users/abhij/OneDrive/Desktop/WellLabs/flood_project_cleaned/training_data/road_scene_classifier/test/shallow_flood/140_downloads_shallow_shallow_37.jpg,training_data/scene_classifier/test/shallow_flood/0065_140_downloads_shallow_shallow_37.jpg
test,shallow_flood,ffbc1b9309fc03e9f3b8909a5b569f01b322948a023bac2d8d96ba2770be6684,C:\Users\Shweatlana Mahapatra\Desktop\Force For Good\flood-depth-estimator-v3-SM_Sep\training_data\road_scene_classifier\test\shallow_flood\023_image_408.jpg,training_data/road_scene_classifier/test/shallow_flood/023_image_408.jpg,training_data/scene_classifier/test/shallow_flood/0066_023_image_408.jpg
test,meaningful_flood,02dd846b019e8750923c66d1b4e741b1b500fcdad315369cb205f1fc41f6f75a,C:\Users\Shweatlana Mahapatra\Desktop\Force For Good\flood-depth-estimator-v3-SM_Sep\training_data\road_scene_classifier\train\meaningful_flood\041_15.11cm.png,training_data/road_scene_classifier/train/meaningful_flood/041_15.11cm.png,training_data/scene_classifier/test/meaningful_flood/0001_041_15.11cm.png
validation,meaningful_flood,03a7fa3d656c373f7002971a696178f47168b9125669a265006390ad0a7b6210,C:\Users\Shweatlana Mahapatra\Desktop\Force For Good\flood-depth-estimator-v3-SM_Sep\training_data\road_scene_classifier\test\meaningful_flood\188_27.5cm.jpg,training_data/road_scene_classifier/test/meaningful_flood/188_27.5cm.jpg,training_data/scene_classifier/validation/meaningful_flood/0002_188_27.5cm.jpg
test,meaningful_flood,042f9b80a6175cb543d4a4625e549270451cebe639664a5e5f6d0354655ab4f1,C:\Users\Shweatlana Mahapatra\Desktop\Force For Good\flood-depth-estimator-v3-SM_Sep\training_data\road_scene_classifier\train\meaningful_flood\004_102.5cm.png,training_data/road_scene_classifier/train/meaningful_flood/004_102.5cm.png,training_data/scene_classifier/test/meaningful_flood/0003_004_102.5cm.png
train,meaningful_flood,04f94c323487c60c789b0704f278047dba0279364c45bceb8c044eddb8bbd890,C:\Users\Shweatlana Mahapatra\Desktop\Force For Good\flood-depth-estimator-v3-SM_Sep\training_data\road_scene_classifier\train\meaningful_flood\101_20.12cm.jpg,training_data/road_scene_classifier/train/meaningful_flood/101_20.12cm.jpg,training_data/scene_classifier/train/meaningful_flood/0004_101_20.12cm.jpg
train,meaningful_flood,05222b6b980c453b08c282df2a279774268bec6fefd2f0585ab566d005055a05,C:\Users\Shweatlana Mahapatra\Desktop\Force For Good\flood-depth-estimator-v3-SM_Sep\training_data\road_scene_classifier\train\meaningful_flood\102_20.12cm.png,training_data/road_scene_classifier/train/meaningful_flood/102_20.12cm.png,training_data/scene_classifier/train/meaningful_flood/0005_102_20.12cm.png
test,meaningful_flood,0621bc2903ceca20aadc314ef8c6139be395a0aea4489fbe2a7191f048ade268,C:\Users\Shweatlana Mahapatra\Desktop\Force For Good\flood-depth-estimator-v3-SM_Sep\training_data\road_scene_classifier\test\meaningful_flood\180_27.52cm_1.jpg,training_data/road_scene_classifier/test/meaningful_flood/180_27.52cm_1.jpg,training_data/scene_classifier/test/meaningful_flood/0006_180_27.52cm_1.jpg
train,meaningful_flood,06b9c5ae2ab79da44e79baed509d73bda601133c7e56f7d9d16329d28f965e5d,C:\Users\Shweatlana Mahapatra\Desktop\Force For Good\flood-depth-estimator-v3-SM_Sep\training_data\road_scene_classifier\train\meaningful_flood\071_20.01cm.png,training_data/road_scene_classifier/train/meaningful_flood/071_20.01cm.png,training_data/scene_classifier/train/meaningful_flood/0007_071_20.01cm.png
train,meaningful_flood,07eae43c15fa44e1a161fc0ba27a01a490a533cd30cb71996d1e08e19158d4d5,C:\Users\Shweatlana Mahapatra\Desktop\Force For Good\flood-depth-estimator-v3-SM_Sep\training_data\road_scene_classifier\validation\meaningful_flood\157_25.01cm.png,training_data/road_scene_classifier/validation/meaningful_flood/157_25.01cm.png,training_data/scene_classifier/train/meaningful_flood/0008_157_25.01cm.png
validation,meaningful_flood,087680d4b3eef571a6849a2016a19380662d49086d7c9854753c4f9ab3ab43f0,C:\Users\Shweatlana Mahapatra\Desktop\Force For Good\flood-depth-estimator-v3-SM_Sep\training_data\road_scene_classifier\validation\meaningful_flood\160_25.02cm.png,training_data/road_scene_classifier/validation/meaningful_flood/160_25.02cm.png,training_data/scene_classifier/validation/meaningful_flood/0009_160_25.02cm.png
test,meaningful_flood,090dc009d925cdceb76ad6f31b4055b5dc18d636bb2cd9a4bd81483da9f6a930,C:\Users\Shweatlana Mahapatra\Desktop\Force For Good\flood-depth-estimator-v3-SM_Sep\training_data\road_scene_classifier\train\meaningful_flood\084_20.05cm_2.jpg,training_data/road_scene_classifier/train/meaningful_flood/084_20.05cm_2.jpg,training_data/scene_classifier/test/meaningful_flood/0010_084_20.05cm_2.jpg
train,meaningful_flood,0929d6f5df280dceb31da06ee72d78d1d270eda284673b3748d87855e7f187f0,C:\Users\Shweatlana Mahapatra\Desktop\Force For Good\flood-depth-estimator-v3-SM_Sep\training_data\road_scene_classifier\train\meaningful_flood\014_125cm.png,training_data/road_scene_classifier/train/meaningful_flood/014_125cm.png,training_data/scene_classifier/train/meaningful_flood/0011_014_125cm.png
test,meaningful_flood,09c91d1ff2eccadb5c853bc81845d3d2434698bd0472c87ad1d49fa18b9ade70,C:\Users\Shweatlana Mahapatra\Desktop\Force For Good\flood-depth-estimator-v3-SM_Sep\training_data\road_scene_classifier\train\meaningful_flood\040_15.11cm.jpg,training_data/road_scene_classifier/train/meaningful_flood/040_15.11cm.jpg,training_data/scene_classifier/test/meaningful_flood/0012_040_15.11cm.jpg
train,meaningful_flood,0a909e0bfa6528ceee8c8b6fc7aa22045ae78e5fbd7fb9883211dd584426e935,C:\Users\Shweatlana Mahapatra\Desktop\Force For Good\flood-depth-estimator-v3-SM_Sep\training_data\road_scene_classifier\train\meaningful_flood\060_15.2cm.jpg,training_data/road_scene_classifier/train/meaningful_flood/060_15.2cm.jpg,training_data/scene_classifier/train/meaningful_flood/0013_060_15.2cm.jpg
test,meaningful_flood,0aeb19ec9ae564df05234a55f9f1eccfbb17852d2bee3e785d675f35424f4863,C:\Users\Shweatlana Mahapatra\Desktop\Force For Good\flood-depth-estimator-v3-SM_Sep\training_data\road_scene_classifier\train\meaningful_flood\090_20.08cm.jpg,training_data/road_scene_classifier/train/meaningful_flood/090_20.08cm.jpg,training_data/scene_classifier/test/meaningful_flood/0014_090_20.08cm.jpg
train,meaningful_flood,0b32f2b210f8c32f1da76b003d37bfe867c96e634ac78af32ebc602462b47970,C:\Users\Shweatlana Mahapatra\Desktop\Force For Good\flood-depth-estimator-v3-SM_Sep\training_data\road_scene_classifier\train\meaningful_flood\095_20.0cm_1.jpg,training_data/road_scene_classifier/train/meaningful_flood/095_20.0cm_1.jpg,training_data/scene_classifier/train/meaningful_flood/0015_095_20.0cm_1.jpg
test,meaningful_flood,0c3a0c5fe38f42f0c6153401bb8144c74702559a9e3ad76dafa9e5fd8123a82d,C:\Users\Shweatlana Mahapatra\Desktop\Force For Good\flood-depth-estimator-v3-SM_Sep\training_data\road_scene_classifier\train\meaningful_flood\117_20.1cm.jpg,training_data/road_scene_classifier/train/meaningful_flood/117_20.1cm.jpg,training_data/scene_classifier/test/meaningful_flood/0016_117_20.1cm.jpg
train,meaningful_flood,0ccb0f28692b56d16753946bd5fee097d4e1fe161930ec185036578752dceff0,C:\Users\Shweatlana Mahapatra\Desktop\Force For Good\flood-depth-estimator-v3-SM_Sep\training_data\road_scene_classifier\train\meaningful_flood\020_15.01cm.png,training_data/road_scene_classifier/train/meaningful_flood/020_15.01cm.png,training_data/scene_classifier/train/meaningful_flood/0017_020_15.01cm.png
test,meaningful_flood,0d8f3a38b0aff8950cc93ee08782783501a3ed041d61567b15506e4afb058ecd,C:\Users\Shweatlana Mahapatra\Desktop\Force For Good\flood-depth-estimator-v3-SM_Sep\training_data\road_scene_classifier\train\meaningful_flood\018_145cm.jpg,training_data/road_scene_classifier/train/meaningful_flood/018_145cm.jpg,training_data/scene_classifier/test/meaningful_flood/0018_018_145cm.jpg
test,meaningful_flood,0e580b0c6d1ba85dfbbe3ba671010dad3cf149cce4c60a792a025bd5bd6e8b8c,C:\Users\Shweatlana Mahapatra\Desktop\Force For Good\flood-depth-estimator-v3-SM_Sep\training_data\road_scene_classifier\test\meaningful_flood\179_27.52cm.jpg,training_data/road_scene_classifier/test/meaningful_flood/179_27.52cm.jpg,training_data/scene_classifier/test/meaningful_flood/0019_179_27.52cm.jpg
train,meaningful_flood,0eefd2a82038e7577cb0263f9bfe0574fc06890b504ecceeeadb214827a8d119,C:\Users\Shweatlana Mahapatra\Desktop\Force For Good\flood-depth-estimator-v3-SM_Sep\training_data\road_scene_classifier\train\meaningful_flood\109_20.16cm.jpg,training_data/road_scene_classifier/train/meaningful_flood/109_20.16cm.jpg,training_data/scene_classifier/train/meaningful_flood/0020_109_20.16cm.jpg
train,meaningful_flood,1013debd966dd59f0771a232acbbdb52076a3e79bcf0fe46269e6ff670be5813,C:\Users\Shweatlana Mahapatra\Desktop\Force For Good\flood-depth-estimator-v3-SM_Sep\training_data\road_scene_classifier\train\meaningful_flood\023_15.02cm_1.jpg,training_data/road_scene_classifier/train/meaningful_flood/023_15.02cm_1.jpg,training_data/scene_classifier/train/meaningful_flood/0021_023_15.02cm_1.jpg
train,meaningful_flood,119d5ae4840685143a1821d45acfe488336c74460bedf180f059de65f6963b08,C:\Users\Shweatlana Mahapatra\Desktop\Force For Good\flood-depth-estimator-v3-SM_Sep\training_data\road_scene_classifier\validation\meaningful_flood\162_25.03cm.png,training_data/road_scene_classifier/validation/meaningful_flood/162_25.03cm.png,training_data/scene_classifier/train/meaningful_flood/0022_162_25.03cm.png
train,meaningful_flood,15b1e31fb220a47abd8ca66845e55dc318cc905570177435881d24e9cc6d0eab,C:\Users\Shweatlana Mahapatra\Desktop\Force For Good\flood-depth-estimator-v3-SM_Sep\training_data\road_scene_classifier\test\meaningful_flood\186_27.58cm.png,training_data/road_scene_classifier/test/meaningful_flood/186_27.58cm.png,training_data/scene_classifier/train/meaningful_flood/0023_186_27.58cm.png
test,meaningful_flood,1824d3eadfa0c495fa7c0edde636c99b7390e9b06ca4f8b880779220a0361225,C:\Users\Shweatlana Mahapatra\Desktop\Force For Good\flood-depth-estimator-v3-SM_Sep\training_data\road_scene_classifier\train\meaningful_flood\085_20.06cm.jpg,training_data/road_scene_classifier/train/meaningful_flood/085_20.06cm.jpg,training_data/scene_classifier/test/meaningful_flood/0024_085_20.06cm.jpg
train,meaningful_flood,182bbd72140e3a58ed3b5f055239c18b7e7fff5dd745e9ae3e3bca27ccf7a6c3,C:\Users\Shweatlana Mahapatra\Desktop\Force For Good\flood-depth-estimator-v3-SM_Sep\training_data\road_scene_classifier\train\meaningful_flood\129_20.29cm.jpg,training_data/road_scene_classifier/train/meaningful_flood/129_20.29cm.jpg,training_data/scene_classifier/train/meaningful_flood/0025_129_20.29cm.jpg
train,meaningful_flood,1958a069a88589a6703f83de821a34c917c84bcc09546b61e93c5bf2bf406310,C:\Users\Shweatlana Mahapatra\Desktop\Force For Good\flood-depth-estimator-v3-SM_Sep\training_data\road_scene_classifier\train\meaningful_flood\053_15.19cm.jpg,training_data/road_scene_classifier/train/meaningful_flood/053_15.19cm.jpg,training_data/scene_classifier/train/meaningful_flood/0026_053_15.19cm.jpg
train,meaningful_flood,19c4824afdcdacc2889625135ff6c7c591e426c70010d338fe97f9f0dc63a1d6,C:\Users\Shweatlana Mahapatra\Desktop\Force For Good\flood-depth-estimator-v3-SM_Sep\training_data\road_scene_classifier\train\meaningful_flood\123_20.22c.jpg,training_data/road_scene_classifier/train/meaningful_flood/123_20.22c.jpg,training_data/scene_classifier/train/meaningful_flood/0027_123_20.22c.jpg
test,meaningful_flood,19d2a383b4d73a169454f52878ab04c8a62deba32fdc998e947f5b28502cfd3d,C:\Users\Shweatlana Mahapatra\Desktop\Force For Good\flood-depth-estimator-v3-SM_Sep\training_data\road_scene_classifier\train\meaningful_flood\048_15.15cm.jpg,training_data/road_scene_classifier/train/meaningful_flood/048_15.15cm.jpg,training_data/scene_classifier/test/meaningful_flood/0028_048_15.15cm.jpg
test,meaningful_flood,1babf90674d03e0f6ef6bd94f4be0fa8043a7c319d6027b1572335dd586b106a,C:\Users\Shweatlana Mahapatra\Desktop\Force For Good\flood-depth-estimator-v3-SM_Sep\training_data\road_scene_classifier\validation\meaningful_flood\163_25.04cm.png,training_data/road_scene_classifier/validation/meaningful_flood/163_25.04cm.png,training_data/scene_classifier/test/meaningful_flood/0029_163_25.04cm.png
train,meaningful_flood,1ca4b5f52238241e067c6baf749dc232e2c7393958e9fc7bd0211d439c2eeb39,C:\Users\Shweatlana Mahapatra\Desktop\Force For Good\flood-depth-estimator-v3-SM_Sep\training_data\road_scene_classifier\train\meaningful_flood\073_20.02cm.jpg,training_data/road_scene_classifier/train/meaningful_flood/073_20.02cm.jpg,training_data/scene_classifier/train/meaningful_flood/0030_073_20.02cm.jpg
train,meaningful_flood,1da1d28ae6858d529cbc8060f6a9bcb2f79b3146e8e9bbf1b67b5f5fae4b7bb7,C:\Users\Shweatlana Mahapatra\Desktop\Force For Good\flood-depth-estimator-v3-SM_Sep\training_data\road_scene_classifier\train\meaningful_flood\011_120.0cm.png,training_data/road_scene_classifier/train/meaningful_flood/011_120.0cm.png,training_data/scene_classifier/train/meaningful_flood/0031_011_120.0cm.png
validation,meaningful_flood,1e0c415e177f4d43747bea0e64e9771bad1e2163b9409a5dcb3e884f43a3844e,C:\Users\Shweatlana Mahapatra\Desktop\Force For Good\flood-depth-estimator-v3-SM_Sep\training_data\road_scene_classifier\train\meaningful_flood\099_20.11cm.jpg,training_data/road_scene_classifier/train/meaningful_flood/099_20.11cm.jpg,training_data/scene_classifier/validation/meaningful_flood/0032_099_20.11cm.jpg
test,meaningful_flood,2053565582203b5ee0507a7ac23741b38bb1d6fcfca3a9fcccd935eb7627423f,C:\Users\Shweatlana Mahapatra\Desktop\Force For Good\flood-depth-estimator-v3-SM_Sep\training_data\road_scene_classifier\train\meaningful_flood\080_20.04cm_1.jpg,training_data/road_scene_classifier/train/meaningful_flood/080_20.04cm_1.jpg,training_data/scene_classifier/test/meaningful_flood/0033_080_20.04cm_1.jpg
validation,meaningful_flood,21549f8e2224f7732406beedaaccf64bc16a33087e3324e51938f821967008ea,C:\Users\Shweatlana Mahapatra\Desktop\Force For Good\flood-depth-estimator-v3-SM_Sep\training_data\road_scene_classifier\train\meaningful_flood\058_15.22cm.jpg,training_data/road_scene_classifier/train/meaningful_flood/058_15.22cm.jpg,training_data/scene_classifier/validation/meaningful_flood/0034_058_15.22cm.jpg
train,meaningful_flood,2166ec03857a97bd7ca0b75637536a2430eb8819e207349721e13c95d93d8f56,C:\Users\Shweatlana Mahapatra\Desktop\Force For Good\flood-depth-estimator-v3-SM_Sep\training_data\road_scene_classifier\train\meaningful_flood\017_140cm_1.png,training_data/road_scene_classifier/train/meaningful_flood/017_140cm_1.png,training_data/scene_classifier/train/meaningful_flood/0035_017_140cm_1.png
test,meaningful_flood,219f911ab5bbda5272131007524cfdd2afb2236cd5070a1c45a580e94ff13964,C:\Users\Shweatlana Mahapatra\Desktop\Force For Good\flood-depth-estimator-v3-SM_Sep\training_data\road_scene_classifier\test\meaningful_flood\187_27.59cm.png,training_data/road_scene_classifier/test/meaningful_flood/187_27.59cm.png,training_data/scene_classifier/test/meaningful_flood/0036_187_27.59cm.png
validation,meaningful_flood,224749b82d03d8d7c46da64e0bfb78400b09aa4787c9f11f98b19d17c2866fa8,C:\Users\Shweatlana Mahapatra\Desktop\Force For Good\flood-depth-estimator-v3-SM_Sep\training_data\road_scene_classifier\train\meaningful_flood\028_15.05cm.jpg,training_data/road_scene_classifier/train/meaningful_flood/028_15.05cm.jpg,training_data/scene_classifier/validation/meaningful_flood/0037_028_15.05cm.jpg
train,meaningful_flood,2301b4318d1e245735f981b60821e977d2d971c82afb9d286aa7986e4915d467,C:\Users\Shweatlana Mahapatra\Desktop\Force For Good\flood-depth-estimator-v3-SM_Sep\training_data\road_scene_classifier\validation\meaningful_flood\148_22.56cm.jpg,training_data/road_scene_classifier/validation/meaningful_flood/148_22.56cm.jpg,training_data/scene_classifier/train/meaningful_flood/0038_148_22.56cm.jpg
train,meaningful_flood,23ec96b4101a1380fdbcf5623eee06b436fc581dfb0c3f2aca402c366828d400,C:\Users\Shweatlana Mahapatra\Desktop\Force For Good\flood-depth-estimator-v3-SM_Sep\training_data\road_scene_classifier\train\meaningful_flood\006_107cm.png,training_data/road_scene_classifier/train/meaningful_flood/006_107cm.png,training_data/scene_classifier/train/meaningful_flood/0039_006_107cm.png
train,meaningful_flood,24bcaf3b57159d9a7a7fd3dd1daf9ad188acf087ef7287c7e37a091358aea585,C:\Users\Shweatlana Mahapatra\Desktop\Force For Good\flood-depth-estimator-v3-SM_Sep\training_data\road_scene_classifier\test\meaningful_flood\195_27.65cm.jpg,training_data/road_scene_classifier/test/meaningful_flood/195_27.65cm.jpg,training_data/scene_classifier/train/meaningful_flood/0040_195_27.65cm.jpg
train,meaningful_flood,25b439f0bb5938b27ecc815eade14b8a74afb977bd1e95f7a700544900d313a3,C:\Users\Shweatlana Mahapatra\Desktop\Force For Good\flood-depth-estimator-v3-SM_Sep\training_data\road_scene_classifier\test\meaningful_flood\190_27.60cm.jpg,training_data/road_scene_classifier/test/meaningful_flood/190_27.60cm.jpg,training_data/scene_classifier/train/meaningful_flood/0041_190_27.60cm.jpg
train,meaningful_flood,26199b269cb0fdec90a147c09e85c1e9afb979ec03aa73a0dcb72de509c0069e,C:\Users\Shweatlana Mahapatra\Desktop\Force For Good\flood-depth-estimator-v3-SM_Sep\training_data\road_scene_classifier\train\meaningful_flood\045_15.13cm.png,training_data/road_scene_classifier/train/meaningful_flood/045_15.13cm.png,training_data/scene_classifier/train/meaningful_flood/0042_045_15.13cm.png
validation,meaningful_flood,2d3da36dec2e9bfaea66d8683113d409ad28ac096927eed073cc8f10139a2db1,C:\Users\Shweatlana Mahapatra\Desktop\Force For Good\flood-depth-estimator-v3-SM_Sep\training_data\road_scene_classifier\validation\meaningful_flood\167_25.0cm.png,training_data/road_scene_classifier/validation/meaningful_flood/167_25.0cm.png,training_data/scene_classifier/validation/meaningful_flood/0043_167_25.0cm.png
train,meaningful_flood,2f567c54fb581309f0a8903f77b5373f6345ff69e8c9754de60df11d5df01bc9,C:\Users\Shweatlana Mahapatra\Desktop\Force For Good\flood-depth-estimator-v3-SM_Sep\training_data\road_scene_classifier\train\meaningful_flood\079_20.04cm.jpg,training_data/road_scene_classifier/train/meaningful_flood/079_20.04cm.jpg,training_data/scene_classifier/train/meaningful_flood/0044_079_20.04cm.jpg
train,meaningful_flood,30c859540b8046e2a041ded0e31fa8db9749680941b8d38cfe48754bf214ab3e,C:\Users\Shweatlana Mahapatra\Desktop\Force For Good\flood-depth-estimator-v3-SM_Sep\training_data\road_scene_classifier\train\meaningful_flood\107_20.15cm.jpg,training_data/road_scene_classifier/train/meaningful_flood/107_20.15cm.jpg,training_data/scene_classifier/train/meaningful_flood/0045_107_20.15cm.jpg
train,meaningful_flood,33533564c6d649dbb006ca66f4ebcfb95f4d869186e041865e6627ec7b3fd31d,C:\Users\Shweatlana Mahapatra\Desktop\Force For Good\flood-depth-estimator-v3-SM_Sep\training_data\road_scene_classifier\train\meaningful_flood\012_120cm.jpg,training_data/road_scene_classifier/train/meaningful_flood/012_120cm.jpg,training_data/scene_classifier/train/meaningful_flood/0046_012_120cm.jpg
validation,meaningful_flood,35bb15279f36aa264c2bd65a13ca2a390623313608f7b570596a98fc420cc540,C:\Users\Shweatlana Mahapatra\Desktop\Force For Good\flood-depth-estimator-v3-SM_Sep\training_data\road_scene_classifier\train\meaningful_flood\094_20.0cm.jpg,training_data/road_scene_classifier/train/meaningful_flood/094_20.0cm.jpg,training_data/scene_classifier/validation/meaningful_flood/0047_094_20.0cm.jpg
train,meaningful_flood,37c137a06398170a7758d2e15e3a4bc1d0cc865992bdd4abf67decf77ff15d2f,C:\Users\Shweatlana Mahapatra\Desktop\Force For Good\flood-depth-estimator-v3-SM_Sep\training_data\road_scene_classifier\train\meaningful_flood\113_20.18cm.jpg,training_data/road_scene_classifier/train/meaningful_flood/113_20.18cm.jpg,training_data/scene_classifier/train/meaningful_flood/0048_113_20.18cm.jpg
test,meaningful_flood,39fd7474bfe25a8af9739504b64d1ca6979524c3a82cce1de48c9cd2dd8484f1,C:\Users\Shweatlana Mahapatra\Desktop\Force For Good\flood-depth-estimator-v3-SM_Sep\training_data\road_scene_classifier\train\meaningful_flood\042_15.12cm.jpg,training_data/road_scene_classifier/train/meaningful_flood/042_15.12cm.jpg,training_data/scene_classifier/test/meaningful_flood/0049_042_15.12cm.jpg
train,meaningful_flood,3dd2b4cf6cca57b4ae1eaf256f5a4c8e031ac196e097bfb481bbc92799d354b6,C:\Users\Shweatlana Mahapatra\Desktop\Force For Good\flood-depth-estimator-v3-SM_Sep\training_data\road_scene_classifier\train\meaningful_flood\122_20.21cm.png,training_data/road_scene_classifier/train/meaningful_flood/122_20.21cm.png,training_data/scene_classifier/train/meaningful_flood/0050_122_20.21cm.png
test,meaningful_flood,3e73b2a4a9676f3de79ce035e2ea34aee59e6ce836e7c098a44c764e6e0cebc1,C:\Users\Shweatlana Mahapatra\Desktop\Force For Good\flood-depth-estimator-v3-SM_Sep\training_data\road_scene_classifier\test\meaningful_flood\175_27.50cm.jpg,training_data/road_scene_classifier/test/meaningful_flood/175_27.50cm.jpg,training_data/scene_classifier/test/meaningful_flood/0051_175_27.50cm.jpg
train,meaningful_flood,40676070bc3549e8830a0fa791f615a0996399940b93ea68e5c6d0b92764a327,C:\Users\Shweatlana Mahapatra\Desktop\Force For Good\flood-depth-estimator-v3-SM_Sep\training_data\road_scene_classifier\train\meaningful_flood\062_160.0cm.jpg,training_data/road_scene_classifier/train/meaningful_flood/062_160.0cm.jpg,training_data/scene_classifier/train/meaningful_flood/0052_062_160.0cm.jpg
train,meaningful_flood,40bee4066570c89e065acc28c75d5bb2ff02e7343a1c793dce9cbbae140c3136,C:\Users\Shweatlana Mahapatra\Desktop\Force For Good\flood-depth-estimator-v3-SM_Sep\training_data\road_scene_classifier\train\meaningful_flood\061_150cm.png,training_data/road_scene_classifier/train/meaningful_flood/061_150cm.png,training_data/scene_classifier/train/meaningful_flood/0053_061_150cm.png
train,meaningful_flood,41e89d80463076f05e55429c48a643bf311133b73fdcffe6deeda374d37f5008,C:\Users\Shweatlana Mahapatra\Desktop\Force For Good\flood-depth-estimator-v3-SM_Sep\training_data\road_scene_classifier\train\meaningful_flood\005_105cm.png,training_data/road_scene_classifier/train/meaningful_flood/005_105cm.png,training_data/scene_classifier/train/meaningful_flood/0054_005_105cm.png
train,meaningful_flood,43b3fd74e4cd3aac464c6fcce4121d7c070f983e618c45bd5e7ca5d18151c0c8,C:\Users\Shweatlana Mahapatra\Desktop\Force For Good\flood-depth-estimator-v3-SM_Sep\training_data\road_scene_classifier\train\meaningful_flood\068_20.00cm.png,training_data/road_scene_classifier/train/meaningful_flood/068_20.00cm.png,training_data/scene_classifier/train/meaningful_flood/0055_068_20.00cm.png
train,meaningful_flood,43bf22761ca3e1df738d00aacaaa46380cc085caa00b4808caabf6c510c023ac,C:\Users\Shweatlana Mahapatra\Desktop\Force For Good\flood-depth-estimator-v3-SM_Sep\training_data\road_scene_classifier\test\meaningful_flood\189_27.5cm.png,training_data/road_scene_classifier/test/meaningful_flood/189_27.5cm.png,training_data/scene_classifier/train/meaningful_flood/0056_189_27.5cm.png
train,meaningful_flood,43cee9004f2b69e9a613f288ec43f999e18c343ee9024b9d8511fc5f889d9e71,C:\Users\Shweatlana Mahapatra\Desktop\Force For Good\flood-depth-estimator-v3-SM_Sep\training_data\road_scene_classifier\test\meaningful_flood\197_27.6cm.jpg,training_data/road_scene_classifier/test/meaningful_flood/197_27.6cm.jpg,training_data/scene_classifier/train/meaningful_flood/0057_197_27.6cm.jpg
test,meaningful_flood,461f23ad259d616271eb0b10f01a2a3093f482be28b72f73a0b09d27d5689676,C:\Users\Shweatlana Mahapatra\Desktop\Force For Good\flood-depth-estimator-v3-SM_Sep\training_data\road_scene_classifier\validation\meaningful_flood\169_25.0cm_2.jpg,training_data/road_scene_classifier/validation/meaningful_flood/169_25.0cm_2.jpg,training_data/scene_classifier/test/meaningful_flood/0058_169_25.0cm_2.jpg
train,meaningful_flood,4725338ac5e6331b5e3d52d1facad2dee06e8aa62084b9790519a635be75b934,C:\Users\Shweatlana Mahapatra\Desktop\Force For Good\flood-depth-estimator-v3-SM_Sep\training_data\road_scene_classifier\train\meaningful_flood\064_17.5cm.png,training_data/road_scene_classifier/train/meaningful_flood/064_17.5cm.png,training_data/scene_classifier/train/meaningful_flood/0059_064_17.5cm.png
test,meaningful_flood,487c79d8b8452ed253d006cb465f335fa0ad4ca50d6eb57435bf23550439385e,C:\Users\Shweatlana Mahapatra\Desktop\Force For Good\flood-depth-estimator-v3-SM_Sep\training_data\road_scene_classifier\test\meaningful_flood\199_30.01cm.jpg,training_data/road_scene_classifier/test/meaningful_flood/199_30.01cm.jpg,training_data/scene_classifier/test/meaningful_flood/0060_199_30.01cm.jpg
train,meaningful_flood,4a47a247fdafa80bed5582314cb4fe4ae1b27b4428735c5d64eae7c122f92f58,C:\Users\Shweatlana Mahapatra\Desktop\Force For Good\flood-depth-estimator-v3-SM_Sep\training_data\road_scene_classifier\train\meaningful_flood\137_20cm.jpg,training_data/road_scene_classifier/train/meaningful_flood/137_20cm.jpg,training_data/scene_classifier/train/meaningful_flood/0061_137_20cm.jpg
test,meaningful_flood,4f607e303d91aae2e85e81434b0fae0f0b796c9d45fa6dffc299f49b0922f561,C:\Users\Shweatlana Mahapatra\Desktop\Force For Good\flood-depth-estimator-v3-SM_Sep\training_data\road_scene_classifier\train\meaningful_flood\118_20.1cm_1.jpg,training_data/road_scene_classifier/train/meaningful_flood/118_20.1cm_1.jpg,training_data/scene_classifier/test/meaningful_flood/0062_118_20.1cm_1.jpg
train,meaningful_flood,5210aea19b2e267caa660460ca55bfb1383b2d47e4f756fdc5a906e470b0de80,C:\Users\Shweatlana Mahapatra\Desktop\Force For Good\flood-depth-estimator-v3-SM_Sep\training_data\road_scene_classifier\train\meaningful_flood\063_160cm.jpg,training_data/road_scene_classifier/train/meaningful_flood/063_160cm.jpg,training_data/scene_classifier/train/meaningful_flood/0063_063_160cm.jpg
test,meaningful_flood,531a3d9afa616da35542d99d0387deee0eea04fc0b2c9c85ea7d1e2dcc2390c2,C:\Users\Shweatlana Mahapatra\Desktop\Force For Good\flood-depth-estimator-v3-SM_Sep\training_data\road_scene_classifier\train\meaningful_flood\097_20.10cm.jpg,training_data/road_scene_classifier/train/meaningful_flood/097_20.10cm.jpg,training_data/scene_classifier/test/meaningful_flood/0064_097_20.10cm.jpg
test,meaningful_flood,575348236b0c76f14ba4cb77ae9681ece63046ad5143954dab7172ea98ccbafd,C:\Users\Shweatlana Mahapatra\Desktop\Force For Good\flood-depth-estimator-v3-SM_Sep\training_data\road_scene_classifier\validation\meaningful_flood\142_22.50cm_1.jpg,training_data/road_scene_classifier/validation/meaningful_flood/142_22.50cm_1.jpg,training_data/scene_classifier/test/meaningful_flood/0065_142_22.50cm_1.jpg
train,meaningful_flood,589760dd2a632c533c6182d15979e8e097737c6a8eb86a8f7bb3ab10c0214bd1,C:\Users\Shweatlana Mahapatra\Desktop\Force For Good\flood-depth-estimator-v3-SM_Sep\training_data\road_scene_classifier\train\meaningful_flood\115_20.19cm.jpg,training_data/road_scene_classifier/train/meaningful_flood/115_20.19cm.jpg,training_data/scene_classifier/train/meaningful_flood/0066_115_20.19cm.jpg
train,meaningful_flood,58d8ecf2b9de27880b27618447f99c8550b77569b93cd615f1ee92bb7f5136d5,C:\Users\Shweatlana Mahapatra\Desktop\Force For Good\flood-depth-estimator-v3-SM_Sep\training_data\road_scene_classifier\train\meaningful_flood\078_20.03cm_1.jpg,training_data/road_scene_classifier/train/meaningful_flood/078_20.03cm_1.jpg,training_data/scene_classifier/train/meaningful_flood/0067_078_20.03cm_1.jpg
train,meaningful_flood,5b583a2a9bbec719973e718035b9de7d2b142ab5b72d984dfcbe32db343a9cd5,C:\Users\Shweatlana Mahapatra\Desktop\Force For Good\flood-depth-estimator-v3-SM_Sep\training_data\road_scene_classifier\validation\meaningful_flood\166_25.0cm.jpg,training_data/road_scene_classifier/validation/meaningful_flood/166_25.0cm.jpg,training_data/scene_classifier/train/meaningful_flood/0068_166_25.0cm.jpg
validation,meaningful_flood,5dbdcc9242703f6da78962c2b11bc61f692d1ef0099ae3a0436cb030aff34453,C:\Users\Shweatlana Mahapatra\Desktop\Force For Good\flood-depth-estimator-v3-SM_Sep\training_data\road_scene_classifier\train\meaningful_flood\046_15.14cm.jpg,training_data/road_scene_classifier/train/meaningful_flood/046_15.14cm.jpg,training_data/scene_classifier/validation/meaningful_flood/0069_046_15.14cm.jpg
train,meaningful_flood,5df1edcd325ebe0fe5a2ded2e9c728704b32bfaabb6eae8cd2533255403d6112,C:\Users\Shweatlana Mahapatra\Desktop\Force For Good\flood-depth-estimator-v3-SM_Sep\training_data\road_scene_classifier\train\meaningful_flood\047_15.14cm_1.jpg,training_data/road_scene_classifier/train/meaningful_flood/047_15.14cm_1.jpg,training_data/scene_classifier/train/meaningful_flood/0070_047_15.14cm_1.jpg
train,meaningful_flood,5ea018efdcb940036804f0d2dfd7b3112e7765f1bd915fa80a37f68f3dfbed89,C:\Users\Shweatlana Mahapatra\Desktop\Force For Good\flood-depth-estimator-v3-SM_Sep\training_data\road_scene_classifier\test\meaningful_flood\171_25cm.jpg,training_data/road_scene_classifier/test/meaningful_flood/171_25cm.jpg,training_data/scene_classifier/train/meaningful_flood/0071_171_25cm.jpg
train,meaningful_flood,5f02a99ac3549b4ef9ae670531a7fe3428cb90a9df3c6840d6118f2edcae57e2,C:\Users\Shweatlana Mahapatra\Desktop\Force For Good\flood-depth-estimator-v3-SM_Sep\training_data\road_scene_classifier\train\meaningful_flood\075_20.02cm_2.jpg,training_data/road_scene_classifier/train/meaningful_flood/075_20.02cm_2.jpg,training_data/scene_classifier/train/meaningful_flood/0072_075_20.02cm_2.jpg
train,meaningful_flood,5f4346870858f05cd55d60c00112062ecfd4705f9ca27cb8230c1b8d19f0ff5b,C:\Users\Shweatlana Mahapatra\Desktop\Force For Good\flood-depth-estimator-v3-SM_Sep\training_data\road_scene_classifier\train\meaningful_flood\105_20.14cm.jpg,training_data/road_scene_classifier/train/meaningful_flood/105_20.14cm.jpg,training_data/scene_classifier/train/meaningful_flood/0073_105_20.14cm.jpg
test,meaningful_flood,60522f77e8a8b93fc54d0965a276e2fc8a28c630a5e77854524527cfb7e49f9f,C:\Users\Shweatlana Mahapatra\Desktop\Force For Good\flood-depth-estimator-v3-SM_Sep\training_data\road_scene_classifier\train\meaningful_flood\082_20.05cm.jpg,training_data/road_scene_classifier/train/meaningful_flood/082_20.05cm.jpg,training_data/scene_classifier/test/meaningful_flood/0074_082_20.05cm.jpg
train,meaningful_flood,61cc8d982f6b47d0ddff081b2a1139f061d3f149dd738e2390b79adfc62ee323,C:\Users\Shweatlana Mahapatra\Desktop\Force For Good\flood-depth-estimator-v3-SM_Sep\training_data\road_scene_classifier\train\meaningful_flood\001_100.00cm.jpg,training_data/road_scene_classifier/train/meaningful_flood/001_100.00cm.jpg,training_data/scene_classifier/train/meaningful_flood/0075_001_100.00cm.jpg
train,meaningful_flood,635c6310b8c756f9df86c464cdb8d705d15aa14a543b63220ef3ac4a99c0b27f,C:\Users\Shweatlana Mahapatra\Desktop\Force For Good\flood-depth-estimator-v3-SM_Sep\training_data\road_scene_classifier\train\meaningful_flood\059_15.23cm.jpg,training_data/road_scene_classifier/train/meaningful_flood/059_15.23cm.jpg,training_data/scene_classifier/train/meaningful_flood/0076_059_15.23cm.jpg
train,meaningful_flood,64d343004aeb53a45ebaef4512b60e857dc792471f84505b1ecba3d5e2fad4ec,C:\Users\Shweatlana Mahapatra\Desktop\Force For Good\flood-depth-estimator-v3-SM_Sep\training_data\road_scene_classifier\train\meaningful_flood\093_20.09cm_1.jpg,training_data/road_scene_classifier/train/meaningful_flood/093_20.09cm_1.jpg,training_data/scene_classifier/train/meaningful_flood/0077_093_20.09cm_1.jpg
train,meaningful_flood,654bf8ebce17424f542cf781ab8ac4d9e80dd674460d4a7390fa6b3b5ccd245b,C:\Users\Shweatlana Mahapatra\Desktop\Force For Good\flood-depth-estimator-v3-SM_Sep\training_data\road_scene_classifier\train\meaningful_flood\125_20.25cm.jpg,training_data/road_scene_classifier/train/meaningful_flood/125_20.25cm.jpg,training_data/scene_classifier/train/meaningful_flood/0078_125_20.25cm.jpg
train,meaningful_flood,6613891abc82ba1808ac322a95ef755e3c0ea2643eed2faa2d2c3879bed6301b,C:\Users\Shweatlana Mahapatra\Desktop\Force For Good\flood-depth-estimator-v3-SM_Sep\training_data\road_scene_classifier\validation\meaningful_flood\168_25.0cm_1.jpg,training_data/road_scene_classifier/validation/meaningful_flood/168_25.0cm_1.jpg,training_data/scene_classifier/train/meaningful_flood/0079_168_25.0cm_1.jpg
test,meaningful_flood,675e62fabbecfa1be13a932d78bb178b8b2b6492f0812deb14f8b72a58923100,C:\Users\Shweatlana Mahapatra\Desktop\Force For Good\flood-depth-estimator-v3-SM_Sep\training_data\road_scene_classifier\train\meaningful_flood\034_15.08cm.jpg,training_data/road_scene_classifier/train/meaningful_flood/034_15.08cm.jpg,training_data/scene_classifier/test/meaningful_flood/0080_034_15.08cm.jpg
test,meaningful_flood,6772fed1c88c0bf5858150f213e24157256450c5140739dc2acef1c896b666aa,C:\Users\Shweatlana Mahapatra\Desktop\Force For Good\flood-depth-estimator-v3-SM_Sep\training_data\road_scene_classifier\train\meaningful_flood\026_15.04cm.jpg,training_data/road_scene_classifier/train/meaningful_flood/026_15.04cm.jpg,training_data/scene_classifier/test/meaningful_flood/0081_026_15.04cm.jpg
train,meaningful_flood,67b48f41a1a5cbee7ee4f9a0ef84d4952ad9e99350b13e76fae0416d726c031d,C:\Users\Shweatlana Mahapatra\Desktop\Force For Good\flood-depth-estimator-v3-SM_Sep\training_data\road_scene_classifier\train\meaningful_flood\092_20.09cm.jpg,training_data/road_scene_classifier/train/meaningful_flood/092_20.09cm.jpg,training_data/scene_classifier/train/meaningful_flood/0082_092_20.09cm.jpg
train,meaningful_flood,69bcdcb3321e46e529a0dce70a385a9b0b6d8d6147a92d2a381f4834210ddfcc,C:\Users\Shweatlana Mahapatra\Desktop\Force For Good\flood-depth-estimator-v3-SM_Sep\training_data\road_scene_classifier\test\meaningful_flood\178_27.51cm.png,training_data/road_scene_classifier/test/meaningful_flood/178_27.51cm.png,training_data/scene_classifier/train/meaningful_flood/0083_178_27.51cm.png
train,meaningful_flood,6a5be71053cac2702e90a97c4f511c57edc8648747df70dd2dfbf86286001423,C:\Users\Shweatlana Mahapatra\Desktop\Force For Good\flood-depth-estimator-v3-SM_Sep\training_data\road_scene_classifier\train\meaningful_flood\015_130cm.png,training_data/road_scene_classifier/train/meaningful_flood/015_130cm.png,training_data/scene_classifier/train/meaningful_flood/0084_015_130cm.png
validation,meaningful_flood,6abfb6ff47b0fde6baf8ca90588b77c3054439534acf745246edb21a63cbfbf1,C:\Users\Shweatlana Mahapatra\Desktop\Force For Good\flood-depth-estimator-v3-SM_Sep\training_data\road_scene_classifier\train\meaningful_flood\130_20.2cm.jpg,training_data/road_scene_classifier/train/meaningful_flood/130_20.2cm.jpg,training_data/scene_classifier/validation/meaningful_flood/0085_130_20.2cm.jpg
train,meaningful_flood,6b02ba39f48a9d2de047d6b4e891e4318ce9185d295caaddf7e6cf273d6bd80e,C:\Users\Shweatlana Mahapatra\Desktop\Force For Good\flood-depth-estimator-v3-SM_Sep\training_data\road_scene_classifier\train\meaningful_flood\051_15.17cm.jpg,training_data/road_scene_classifier/train/meaningful_flood/051_15.17cm.jpg,training_data/scene_classifier/train/meaningful_flood/0086_051_15.17cm.jpg
train,meaningful_flood,6b6528ad2d39bbce634a217c2b0d642c04df74234041738170fbb20fb3b2e4f5,C:\Users\Shweatlana Mahapatra\Desktop\Force For Good\flood-depth-estimator-v3-SM_Sep\training_data\road_scene_classifier\train\meaningful_flood\021_15.01cm_1.jpg,training_data/road_scene_classifier/train/meaningful_flood/021_15.01cm_1.jpg,training_data/scene_classifier/train/meaningful_flood/0087_021_15.01cm_1.jpg
train,meaningful_flood,6c1573a2d98c798e46672b44df71b22ccec4f1171b56db9179ae492366a7c5e3,C:\Users\Shweatlana Mahapatra\Desktop\Force For Good\flood-depth-estimator-v3-SM_Sep\training_data\road_scene_classifier\train\meaningful_flood\133_20.31cm.jpg,training_data/road_scene_classifier/train/meaningful_flood/133_20.31cm.jpg,training_data/scene_classifier/train/meaningful_flood/0088_133_20.31cm.jpg
validation,meaningful_flood,6e6894ac5e7c32454e6df9816db9e2b3d6dc8447dcf06c896862101c014d5dda,C:\Users\Shweatlana Mahapatra\Desktop\Force For Good\flood-depth-estimator-v3-SM_Sep\training_data\road_scene_classifier\test\meaningful_flood\184_27.56cm.jpg,training_data/road_scene_classifier/test/meaningful_flood/184_27.56cm.jpg,training_data/scene_classifier/validation/meaningful_flood/0089_184_27.56cm.jpg
test,meaningful_flood,70576f3a97c19d6e75dd58bf83693202b59111b2562db903b3636edcfeb3a41e,C:\Users\Shweatlana Mahapatra\Desktop\Force For Good\flood-depth-estimator-v3-SM_Sep\training_data\road_scene_classifier\train\meaningful_flood\044_15.13cm.jpg,training_data/road_scene_classifier/train/meaningful_flood/044_15.13cm.jpg,training_data/scene_classifier/test/meaningful_flood/0090_044_15.13cm.jpg
train,meaningful_flood,70c01ee88b2be9ea4c7d4d4f89c0d4540d7fee9d876b357fd6847c03121bb90e,C:\Users\Shweatlana Mahapatra\Desktop\Force For Good\flood-depth-estimator-v3-SM_Sep\training_data\road_scene_classifier\train\meaningful_flood\086_20.06cm_1.jpg,training_data/road_scene_classifier/train/meaningful_flood/086_20.06cm_1.jpg,training_data/scene_classifier/train/meaningful_flood/0091_086_20.06cm_1.jpg
train,meaningful_flood,71f3f65885e1664f7239bdc16f05dc03e7932369b0ffd1f6c1eff16461b2e19c,C:\Users\Shweatlana Mahapatra\Desktop\Force For Good\flood-depth-estimator-v3-SM_Sep\training_data\road_scene_classifier\train\meaningful_flood\131_20.2cm_1.jpg,training_data/road_scene_classifier/train/meaningful_flood/131_20.2cm_1.jpg,training_data/scene_classifier/train/meaningful_flood/0092_131_20.2cm_1.jpg
test,meaningful_flood,7292bc9ddabe55c54cf237435661de75ee49df4273604082ec0fadd59ac2f581,C:\Users\Shweatlana Mahapatra\Desktop\Force For Good\flood-depth-estimator-v3-SM_Sep\training_data\road_scene_classifier\test\meaningful_flood\172_25cm.png,training_data/road_scene_classifier/test/meaningful_flood/172_25cm.png,training_data/scene_classifier/test/meaningful_flood/0093_172_25cm.png
train,meaningful_flood,73b7a505d07d03d4de6c49a8196efda81fe0b198628f2085aa9c2b8acae6b235,C:\Users\Shweatlana Mahapatra\Desktop\Force For Good\flood-depth-estimator-v3-SM_Sep\training_data\road_scene_classifier\test\meaningful_flood\194_27.64cm.jpg,training_data/road_scene_classifier/test/meaningful_flood/194_27.64cm.jpg,training_data/scene_classifier/train/meaningful_flood/0094_194_27.64cm.jpg
test,meaningful_flood,742ab5f6f8b364af8c6b8e92b5beb21346a3db9203b42ea05301fed80917d450,C:\Users\Shweatlana Mahapatra\Desktop\Force For Good\flood-depth-estimator-v3-SM_Sep\training_data\road_scene_classifier\train\meaningful_flood\036_15.09cm.jpg,training_data/road_scene_classifier/train/meaningful_flood/036_15.09cm.jpg,training_data/scene_classifier/test/meaningful_flood/0095_036_15.09cm.jpg
test,meaningful_flood,75c8995f3df7339ed187a52756004636e6a5abc4055526ee6a9993aca96861fa,C:\Users\Shweatlana Mahapatra\Desktop\Force For Good\flood-depth-estimator-v3-SM_Sep\training_data\road_scene_classifier\test\meaningful_flood\173_25cm_1.png,training_data/road_scene_classifier/test/meaningful_flood/173_25cm_1.png,training_data/scene_classifier/test/meaningful_flood/0096_173_25cm_1.png
train,meaningful_flood,78e4654e85f72d5c4bdcd0d9616498acc61ba089e3760100c2d695deb686c7a6,C:\Users\Shweatlana Mahapatra\Desktop\Force For Good\flood-depth-estimator-v3-SM_Sep\training_data\road_scene_classifier\train\meaningful_flood\091_20.08cm.png,training_data/road_scene_classifier/train/meaningful_flood/091_20.08cm.png,training_data/scene_classifier/train/meaningful_flood/0097_091_20.08cm.png
test,meaningful_flood,794fb8ccab70870a92f366a4031c8509daef422d29b3e5af90a7c7143bfc5ca2,C:\Users\Shweatlana Mahapatra\Desktop\Force For Good\flood-depth-estimator-v3-SM_Sep\training_data\road_scene_classifier\train\meaningful_flood\111_20.17cm.jpg,training_data/road_scene_classifier/train/meaningful_flood/111_20.17cm.jpg,training_data/scene_classifier/test/meaningful_flood/0098_111_20.17cm.jpg
train,meaningful_flood,7b9d6bfbd8c9bc29bb10a93eb759f04a5c31b9c7706cce103cd3b7ff8ecbaad7,C:\Users\Shweatlana Mahapatra\Desktop\Force For Good\flood-depth-estimator-v3-SM_Sep\training_data\road_scene_classifier\test\meaningful_flood\185_27.57cm.png,training_data/road_scene_classifier/test/meaningful_flood/185_27.57cm.png,training_data/scene_classifier/train/meaningful_flood/0099_185_27.57cm.png
train,meaningful_flood,7faa2ac6b0833b31d49156e0c1ff628d654a5cd9833d022ee7b95331c1d99b41,C:\Users\Shweatlana Mahapatra\Desktop\Force For Good\flood-depth-estimator-v3-SM_Sep\training_data\road_scene_classifier\train\meaningful_flood\110_20.16cm.png,training_data/road_scene_classifier/train/meaningful_flood/110_20.16cm.png,training_data/scene_classifier/train/meaningful_flood/0100_110_20.16cm.png
train,meaningful_flood,7fca41ed52bf9e029bd9a634aa0d9a69d49194eea2ca463f0ae953a694678908,C:\Users\Shweatlana Mahapatra\Desktop\Force For Good\flood-depth-estimator-v3-SM_Sep\training_data\road_scene_classifier\train\meaningful_flood\019_15.01cm.jpg,training_data/road_scene_classifier/train/meaningful_flood/019_15.01cm.jpg,training_data/scene_classifier/train/meaningful_flood/0101_019_15.01cm.jpg
train,meaningful_flood,804809e50920c58fe17ef85e04fcd7b42bdd4f93dec252faf6a48cf51ec5aa9a,C:\Users\Shweatlana Mahapatra\Desktop\Force For Good\flood-depth-estimator-v3-SM_Sep\training_data\road_scene_classifier\train\meaningful_flood\119_20.20cm.jpg,training_data/road_scene_classifier/train/meaningful_flood/119_20.20cm.jpg,training_data/scene_classifier/train/meaningful_flood/0102_119_20.20cm.jpg
train,meaningful_flood,81f4071cf1741071f06e3888b441a1189b842552b4c63ca43af1141075a39944,C:\Users\Shweatlana Mahapatra\Desktop\Force For Good\flood-depth-estimator-v3-SM_Sep\training_data\road_scene_classifier\train\meaningful_flood\126_20.26cm.jpg,training_data/road_scene_classifier/train/meaningful_flood/126_20.26cm.jpg,training_data/scene_classifier/train/meaningful_flood/0103_126_20.26cm.jpg
train,meaningful_flood,82827d979bcbdb9d02bfe45a65882d89d3405d950cc0af7fc8378188aef7588f,C:\Users\Shweatlana Mahapatra\Desktop\Force For Good\flood-depth-estimator-v3-SM_Sep\training_data\road_scene_classifier\test\meaningful_flood\192_27.62cm.jpg,training_data/road_scene_classifier/test/meaningful_flood/192_27.62cm.jpg,training_data/scene_classifier/train/meaningful_flood/0104_192_27.62cm.jpg
test,meaningful_flood,838e4d3cc57f7ff1b1f8cbe3ea97350791186b25cbd2b1dc8bd504285cf26d92,C:\Users\Shweatlana Mahapatra\Desktop\Force For Good\flood-depth-estimator-v3-SM_Sep\training_data\road_scene_classifier\train\meaningful_flood\112_20.17cm_1.jpg,training_data/road_scene_classifier/train/meaningful_flood/112_20.17cm_1.jpg,training_data/scene_classifier/test/meaningful_flood/0105_112_20.17cm_1.jpg
train,meaningful_flood,84570619065ad6f5e2a7913627bc90ee50883c4f4612d2b176b92b91118103fa,C:\Users\Shweatlana Mahapatra\Desktop\Force For Good\flood-depth-estimator-v3-SM_Sep\training_data\road_scene_classifier\train\meaningful_flood\120_20.20cm_1.jpg,training_data/road_scene_classifier/train/meaningful_flood/120_20.20cm_1.jpg,training_data/scene_classifier/train/meaningful_flood/0106_120_20.20cm_1.jpg
train,meaningful_flood,8460fe32696416484a6fe19c070aa33f4fc3478d9c16e661ee65baccd3b671f4,C:\Users\Shweatlana Mahapatra\Desktop\Force For Good\flood-depth-estimator-v3-SM_Sep\training_data\road_scene_classifier\train\meaningful_flood\136_20.3cm.jpg,training_data/road_scene_classifier/train/meaningful_flood/136_20.3cm.jpg,training_data/scene_classifier/train/meaningful_flood/0107_136_20.3cm.jpg
train,meaningful_flood,84bd0014ee2569e7ec48fd19cee0070e11e28ed784d1ad4004ea95cb5b3b161a,C:\Users\Shweatlana Mahapatra\Desktop\Force For Good\flood-depth-estimator-v3-SM_Sep\training_data\road_scene_classifier\validation\meaningful_flood\149_22.57cm.jpg,training_data/road_scene_classifier/validation/meaningful_flood/149_22.57cm.jpg,training_data/scene_classifier/train/meaningful_flood/0108_149_22.57cm.jpg
train,meaningful_flood,85dcd9dde198e0f42c1f6f56c35e61639003a9e9f8bc34f78de67ac67fda682c,C:\Users\Shweatlana Mahapatra\Desktop\Force For Good\flood-depth-estimator-v3-SM_Sep\training_data\road_scene_classifier\test\meaningful_flood\200_30.02cm.jpg,training_data/road_scene_classifier/test/meaningful_flood/200_30.02cm.jpg,training_data/scene_classifier/train/meaningful_flood/0109_200_30.02cm.jpg
validation,meaningful_flood,89663f0235a5ccbbbfe2f3fe556d2142ca0e7e80a57c81114c232fd5abf65570,C:\Users\Shweatlana Mahapatra\Desktop\Force For Good\flood-depth-estimator-v3-SM_Sep\training_data\road_scene_classifier\train\meaningful_flood\035_15.08cm_1.jpg,training_data/road_scene_classifier/train/meaningful_flood/035_15.08cm_1.jpg,training_data/scene_classifier/validation/meaningful_flood/0110_035_15.08cm_1.jpg
test,meaningful_flood,897c33e823dc9241eab8011a55f239b1356f999808c7a25b3e08e0be6a1519ac,C:\Users\Shweatlana Mahapatra\Desktop\Force For Good\flood-depth-estimator-v3-SM_Sep\training_data\road_scene_classifier\train\meaningful_flood\033_15.07cm_1.jpg,training_data/road_scene_classifier/train/meaningful_flood/033_15.07cm_1.jpg,training_data/scene_classifier/test/meaningful_flood/0111_033_15.07cm_1.jpg
train,meaningful_flood,8e026fe96e9a5c0c627f89d0c0ee5925ff3bc7b7d2644b54dee2fdcab9f43e0d,C:\Users\Shweatlana Mahapatra\Desktop\Force For Good\flood-depth-estimator-v3-SM_Sep\training_data\road_scene_classifier\validation\meaningful_flood\155_25.00cm_2.jpg,training_data/road_scene_classifier/validation/meaningful_flood/155_25.00cm_2.jpg,training_data/scene_classifier/train/meaningful_flood/0112_155_25.00cm_2.jpg
train,meaningful_flood,8e2cbe4351314126fa9309697dde4a0638ffefde89f3ec604a2cc8a2c47171fe,C:\Users\Shweatlana Mahapatra\Desktop\Force For Good\flood-depth-estimator-v3-SM_Sep\training_data\road_scene_classifier\train\meaningful_flood\096_20.0cm_2.jpg,training_data/road_scene_classifier/train/meaningful_flood/096_20.0cm_2.jpg,training_data/scene_classifier/train/meaningful_flood/0113_096_20.0cm_2.jpg
test,meaningful_flood,8e3a674ae3cb58bcaf1cc66738f669df9a12fd45cea91e862e26be3e93d543d2,C:\Users\Shweatlana Mahapatra\Desktop\Force For Good\flood-depth-estimator-v3-SM_Sep\training_data\road_scene_classifier\train\meaningful_flood\027_15.04cm.png,training_data/road_scene_classifier/train/meaningful_flood/027_15.04cm.png,training_data/scene_classifier/test/meaningful_flood/0114_027_15.04cm.png
train,meaningful_flood,8f1bfdc82f87505a7a3f6a9ecee5b9c1f182407a0d37729b2df570b4b4e20f73,C:\Users\Shweatlana Mahapatra\Desktop\Force For Good\flood-depth-estimator-v3-SM_Sep\training_data\road_scene_classifier\train\meaningful_flood\002_100.0cm.png,training_data/road_scene_classifier/train/meaningful_flood/002_100.0cm.png,training_data/scene_classifier/train/meaningful_flood/0115_002_100.0cm.png
train,meaningful_flood,8f4e26f244f68ae14d257bb41e7973c4d3872f65f0688b95540fd49299573aa0,C:\Users\Shweatlana Mahapatra\Desktop\Force For Good\flood-depth-estimator-v3-SM_Sep\training_data\road_scene_classifier\validation\meaningful_flood\161_25.03cm.jpg,training_data/road_scene_classifier/validation/meaningful_flood/161_25.03cm.jpg,training_data/scene_classifier/train/meaningful_flood/0116_161_25.03cm.jpg
train,meaningful_flood,91681ca8dfa383d317f9ffc83af3f47434f1205ab9d7aa925e87abc22fdc1d43,C:\Users\Shweatlana Mahapatra\Desktop\Force For Good\flood-depth-estimator-v3-SM_Sep\training_data\road_scene_classifier\train\meaningful_flood\054_15.1cm.png,training_data/road_scene_classifier/train/meaningful_flood/054_15.1cm.png,training_data/scene_classifier/train/meaningful_flood/0117_054_15.1cm.png
test,meaningful_flood,9369bb8b5f34517fbceebf552ca7a5b35d4b7349bab6fa8827bc143e2edb4012,C:\Users\Shweatlana Mahapatra\Desktop\Force For Good\flood-depth-estimator-v3-SM_Sep\training_data\road_scene_classifier\train\meaningful_flood\134_20.32cm.jpg,training_data/road_scene_classifier/train/meaningful_flood/134_20.32cm.jpg,training_data/scene_classifier/test/meaningful_flood/0118_134_20.32cm.jpg
train,meaningful_flood,99946457518f65d2922e5ee3cf4c481e9a40d37ffb43ee8f82d12f5c970b5afc,C:\Users\Shweatlana Mahapatra\Desktop\Force For Good\flood-depth-estimator-v3-SM_Sep\training_data\road_scene_classifier\validation\meaningful_flood\146_22.54cm.jpg,training_data/road_scene_classifier/validation/meaningful_flood/146_22.54cm.jpg,training_data/scene_classifier/train/meaningful_flood/0119_146_22.54cm.jpg
train,meaningful_flood,9a43590042ebb1a2ff8ba3a0e162869353d0c952a02d4f7f81ca20c48c916ef9,C:\Users\Shweatlana Mahapatra\Desktop\Force For Good\flood-depth-estimator-v3-SM_Sep\training_data\road_scene_classifier\train\meaningful_flood\114_20.18cm_1.jpg,training_data/road_scene_classifier/train/meaningful_flood/114_20.18cm_1.jpg,training_data/scene_classifier/train/meaningful_flood/0120_114_20.18cm_1.jpg
test,meaningful_flood,9a9a3453b1d8063317a4fc622de2219b122bdab8ed7c68b93e8a5694fa81a631,C:\Users\Shweatlana Mahapatra\Desktop\Force For Good\flood-depth-estimator-v3-SM_Sep\training_data\road_scene_classifier\train\meaningful_flood\076_20.03cm.jpg,training_data/road_scene_classifier/train/meaningful_flood/076_20.03cm.jpg,training_data/scene_classifier/test/meaningful_flood/0121_076_20.03cm.jpg
test,meaningful_flood,9be4e442e1e64b68037bee3a7fdba5c230890f8f29c6cc104ef0b8856b67760c,C:\Users\Shweatlana Mahapatra\Desktop\Force For Good\flood-depth-estimator-v3-SM_Sep\training_data\road_scene_classifier\test\meaningful_flood\191_27.61cm.jpg,training_data/road_scene_classifier/test/meaningful_flood/191_27.61cm.jpg,training_data/scene_classifier/test/meaningful_flood/0122_191_27.61cm.jpg
train,meaningful_flood,9c1132706470a3d03ebefe52d59bd5501adc8b7cd5625987543852470c520b42,C:\Users\Shweatlana Mahapatra\Desktop\Force For Good\flood-depth-estimator-v3-SM_Sep\training_data\road_scene_classifier\validation\meaningful_flood\151_22.5cm.png,training_data/road_scene_classifier/validation/meaningful_flood/151_22.5cm.png,training_data/scene_classifier/train/meaningful_flood/0123_151_22.5cm.png
test,meaningful_flood,9c510439dde1e7260ec8d09503c2b0d63220b0bdb77b4bee20a4b0022372c0f8,C:\Users\Shweatlana Mahapatra\Desktop\Force For Good\flood-depth-estimator-v3-SM_Sep\training_data\road_scene_classifier\test\meaningful_flood\177_27.51cm.jpg,training_data/road_scene_classifier/test/meaningful_flood/177_27.51cm.jpg,training_data/scene_classifier/test/meaningful_flood/0124_177_27.51cm.jpg
train,meaningful_flood,9c5f904229cf62b6c106ade66b9607feaa071442935f793027d297f4b3b09963,C:\Users\Shweatlana Mahapatra\Desktop\Force For Good\flood-depth-estimator-v3-SM_Sep\training_data\road_scene_classifier\train\meaningful_flood\139_20cm_2.jpg,training_data/road_scene_classifier/train/meaningful_flood/139_20cm_2.jpg,training_data/scene_classifier/train/meaningful_flood/0125_139_20cm_2.jpg
train,meaningful_flood,9c9c7bad998b2acac4942b21bc0f89bea63dd5639420a51fc8a1c6809801fadc,C:\Users\Shweatlana Mahapatra\Desktop\Force For Good\flood-depth-estimator-v3-SM_Sep\training_data\road_scene_classifier\train\meaningful_flood\065_17cm.png,training_data/road_scene_classifier/train/meaningful_flood/065_17cm.png,training_data/scene_classifier/train/meaningful_flood/0126_065_17cm.png
train,meaningful_flood,9e51a1029990521ec744d55730782c98d44dafde74b416d07b102692429562c8,C:\Users\Shweatlana Mahapatra\Desktop\Force For Good\flood-depth-estimator-v3-SM_Sep\training_data\road_scene_classifier\validation\meaningful_flood\144_22.52cm.jpg,training_data/road_scene_classifier/validation/meaningful_flood/144_22.52cm.jpg,training_data/scene_classifier/train/meaningful_flood/0127_144_22.52cm.jpg
train,meaningful_flood,9ed4928dbc81e5b2ff36c847fe334ed0263a5829de7c1348473284fb52277b9d,C:\Users\Shweatlana Mahapatra\Desktop\Force For Good\flood-depth-estimator-v3-SM_Sep\training_data\road_scene_classifier\validation\meaningful_flood\170_25.5cm.jpg,training_data/road_scene_classifier/validation/meaningful_flood/170_25.5cm.jpg,training_data/scene_classifier/train/meaningful_flood/0128_170_25.5cm.jpg
train,meaningful_flood,a6edda3fe357fb4ffc8e00d1db74c11dc6ae6f1b17799d108d1934c4beade719,C:\Users\Shweatlana Mahapatra\Desktop\Force For Good\flood-depth-estimator-v3-SM_Sep\training_data\road_scene_classifier\test\meaningful_flood\196_27.66cm.jpg,training_data/road_scene_classifier/test/meaningful_flood/196_27.66cm.jpg,training_data/scene_classifier/train/meaningful_flood/0129_196_27.66cm.jpg
test,meaningful_flood,ade82616a29be7e27bc4288fb83e6ee9d5fb69bf6644bf714eee345212e3bd8f,C:\Users\Shweatlana Mahapatra\Desktop\Force For Good\flood-depth-estimator-v3-SM_Sep\training_data\road_scene_classifier\train\meaningful_flood\030_15.06cm.jpg,training_data/road_scene_classifier/train/meaningful_flood/030_15.06cm.jpg,training_data/scene_classifier/test/meaningful_flood/0130_030_15.06cm.jpg
train,meaningful_flood,ae4ae0035818b4af9827ddcdc7eeffb3c03d6ff2b048bad8b43342fe3299614e,C:\Users\Shweatlana Mahapatra\Desktop\Force For Good\flood-depth-estimator-v3-SM_Sep\training_data\road_scene_classifier\train\meaningful_flood\069_20.00cm_1.jpg,training_data/road_scene_classifier/train/meaningful_flood/069_20.00cm_1.jpg,training_data/scene_classifier/train/meaningful_flood/0131_069_20.00cm_1.jpg
train,meaningful_flood,aeadcb225e2c6f0302683ee81fd505e8ba40a6cba085d1d77ae7a976f5645884,C:\Users\Shweatlana Mahapatra\Desktop\Force For Good\flood-depth-estimator-v3-SM_Sep\training_data\road_scene_classifier\train\meaningful_flood\031_15.06cm.png,training_data/road_scene_classifier/train/meaningful_flood/031_15.06cm.png,training_data/scene_classifier/train/meaningful_flood/0132_031_15.06cm.png
validation,meaningful_flood,b1353f7776e1b12f029384b5c4017b906d8ce2b0476a413be1cac0b924005276,C:\Users\Shweatlana Mahapatra\Desktop\Force For Good\flood-depth-estimator-v3-SM_Sep\training_data\road_scene_classifier\validation\meaningful_flood\165_25.06cm.jpg,training_data/road_scene_classifier/validation/meaningful_flood/165_25.06cm.jpg,training_data/scene_classifier/validation/meaningful_flood/0133_165_25.06cm.jpg
validation,meaningful_flood,b147c4babc5ddbd3051c38766d5a3ce983ac80ff73a5a3616c134a4c334a9b18,C:\Users\Shweatlana Mahapatra\Desktop\Force For Good\flood-depth-estimator-v3-SM_Sep\training_data\road_scene_classifier\train\meaningful_flood\088_20.07cm.jpg,training_data/road_scene_classifier/train/meaningful_flood/088_20.07cm.jpg,training_data/scene_classifier/validation/meaningful_flood/0134_088_20.07cm.jpg
train,meaningful_flood,b193c7d58918845221897a994ad3f042e77a4ce308d0e8cdc6a3049e2e4c7c61,C:\Users\Shweatlana Mahapatra\Desktop\Force For Good\flood-depth-estimator-v3-SM_Sep\training_data\road_scene_classifier\train\meaningful_flood\116_20.19cm_1.jpg,training_data/road_scene_classifier/train/meaningful_flood/116_20.19cm_1.jpg,training_data/scene_classifier/train/meaningful_flood/0135_116_20.19cm_1.jpg
test,meaningful_flood,b1b0cf466037fbd445ebb6160fb311dfaec01f6d9dc52a3ebcf673d054202536,C:\Users\Shweatlana Mahapatra\Desktop\Force For Good\flood-depth-estimator-v3-SM_Sep\training_data\road_scene_classifier\train\meaningful_flood\066_18cm.png,training_data/road_scene_classifier/train/meaningful_flood/066_18cm.png,training_data/scene_classifier/test/meaningful_flood/0136_066_18cm.png
test,meaningful_flood,b3340e7dd2f69fbbfc03de956d9a06cf6ada1b0f2ed10708b67fd414bc74d296,C:\Users\Shweatlana Mahapatra\Desktop\Force For Good\flood-depth-estimator-v3-SM_Sep\training_data\road_scene_classifier\test\meaningful_flood\198_30.00.jpg,training_data/road_scene_classifier/test/meaningful_flood/198_30.00.jpg,training_data/scene_classifier/test/meaningful_flood/0137_198_30.00.jpg
train,meaningful_flood,b4365a13b161094849639818c543224a49ab97617f2371d33aa70887f513c2e5,C:\Users\Shweatlana Mahapatra\Desktop\Force For Good\flood-depth-estimator-v3-SM_Sep\training_data\road_scene_classifier\test\meaningful_flood\183_27.55cm.jpg,training_data/road_scene_classifier/test/meaningful_flood/183_27.55cm.jpg,training_data/scene_classifier/train/meaningful_flood/0138_183_27.55cm.jpg
validation,meaningful_flood,b4414a0e042c77c66f01001096e6a232902ebd67209edaf7cf638be77bb8df1e,C:\Users\Shweatlana Mahapatra\Desktop\Force For Good\flood-depth-estimator-v3-SM_Sep\training_data\road_scene_classifier\validation\meaningful_flood\159_25.02cm.jpg,training_data/road_scene_classifier/validation/meaningful_flood/159_25.02cm.jpg,training_data/scene_classifier/validation/meaningful_flood/0139_159_25.02cm.jpg
test,meaningful_flood,b49abbde5adbac700be56f33189cbc8576d63b18b27f3148b75aac4f1b798a19,C:\Users\Shweatlana Mahapatra\Desktop\Force For Good\flood-depth-estimator-v3-SM_Sep\training_data\road_scene_classifier\train\meaningful_flood\106_20.14cm_1.jpg,training_data/road_scene_classifier/train/meaningful_flood/106_20.14cm_1.jpg,training_data/scene_classifier/test/meaningful_flood/0140_106_20.14cm_1.jpg
train,meaningful_flood,b8044528d702db21c1a922b06db52c90036198085d7fa72ccd143a17557cdb2d,C:\Users\Shweatlana Mahapatra\Desktop\Force For Good\flood-depth-estimator-v3-SM_Sep\training_data\road_scene_classifier\train\meaningful_flood\083_20.05cm_1.jpg,training_data/road_scene_classifier/train/meaningful_flood/083_20.05cm_1.jpg,training_data/scene_classifier/train/meaningful_flood/0141_083_20.05cm_1.jpg
test,meaningful_flood,ba03045ea85c61d9f65a56a18be364cd331ee276471005f5d190f0f4ef82348d,C:\Users\Shweatlana Mahapatra\Desktop\Force For Good\flood-depth-estimator-v3-SM_Sep\training_data\road_scene_classifier\train\meaningful_flood\121_20.21cm.jpg,training_data/road_scene_classifier/train/meaningful_flood/121_20.21cm.jpg,training_data/scene_classifier/test/meaningful_flood/0142_121_20.21cm.jpg
train,meaningful_flood,ba21e14d4f7a084507d44752508f965a09cf503c064fea2f12bcbca1bff2e11d,C:\Users\Shweatlana Mahapatra\Desktop\Force For Good\flood-depth-estimator-v3-SM_Sep\training_data\road_scene_classifier\validation\meaningful_flood\152_22.5cm_1.png,training_data/road_scene_classifier/validation/meaningful_flood/152_22.5cm_1.png,training_data/scene_classifier/train/meaningful_flood/0143_152_22.5cm_1.png
train,meaningful_flood,bb554c1ac539a936c9d3cf64251f0dd848f956bc902d893ba919227264516978,C:\Users\Shweatlana Mahapatra\Desktop\Force For Good\flood-depth-estimator-v3-SM_Sep\training_data\road_scene_classifier\train\meaningful_flood\049_15.15cm.png,training_data/road_scene_classifier/train/meaningful_flood/049_15.15cm.png,training_data/scene_classifier/train/meaningful_flood/0144_049_15.15cm.png
test,meaningful_flood,bbd8d2a49faa2e3feaee02519097b305a80c8e8941e8cd6ce2ba1db253d5ea9b,C:\Users\Shweatlana Mahapatra\Desktop\Force For Good\flood-depth-estimator-v3-SM_Sep\training_data\road_scene_classifier\train\meaningful_flood\024_15.03cm.jpg,training_data/road_scene_classifier/train/meaningful_flood/024_15.03cm.jpg,training_data/scene_classifier/test/meaningful_flood/0145_024_15.03cm.jpg
validation,meaningful_flood,bbdd2907a00b1ca1e41d82187a8af46b2b039bd5a5d892b555dd5ef51ebecbd4,C:\Users\Shweatlana Mahapatra\Desktop\Force For Good\flood-depth-estimator-v3-SM_Sep\training_data\road_scene_classifier\test\meaningful_flood\174_26cm.jpg,training_data/road_scene_classifier/test/meaningful_flood/174_26cm.jpg,training_data/scene_classifier/validation/meaningful_flood/0146_174_26cm.jpg
train,meaningful_flood,bd3d46830606d093ca56287aa257822962bc8dda821efb6a05f83e43b38c247c,C:\Users\Shweatlana Mahapatra\Desktop\Force For Good\flood-depth-estimator-v3-SM_Sep\training_data\road_scene_classifier\train\meaningful_flood\089_20.07cm_1.jpg,training_data/road_scene_classifier/train/meaningful_flood/089_20.07cm_1.jpg,training_data/scene_classifier/train/meaningful_flood/0147_089_20.07cm_1.jpg
train,meaningful_flood,bd59cedbf2ac968f20299127404dad19b388f03334651432bb0df6fb94c9306c,C:\Users\Shweatlana Mahapatra\Desktop\Force For Good\flood-depth-estimator-v3-SM_Sep\training_data\road_scene_classifier\train\meaningful_flood\016_140cm.png,training_data/road_scene_classifier/train/meaningful_flood/016_140cm.png,training_data/scene_classifier/train/meaningful_flood/0148_016_140cm.png
test,meaningful_flood,bdc0ba9df3f0e50af123d4c2c84bb40355e0afbc5ce0b6556921a78d4eab3b71,C:\Users\Shweatlana Mahapatra\Desktop\Force For Good\flood-depth-estimator-v3-SM_Sep\training_data\road_scene_classifier\validation\meaningful_flood\158_25.01cm_1.jpg,training_data/road_scene_classifier/validation/meaningful_flood/158_25.01cm_1.jpg,training_data/scene_classifier/test/meaningful_flood/0149_158_25.01cm_1.jpg
train,meaningful_flood,be426d339805f0e697d6a97362553990fbeb6d4add77340e4e1f7b5654dec34e,C:\Users\Shweatlana Mahapatra\Desktop\Force For Good\flood-depth-estimator-v3-SM_Sep\training_data\road_scene_classifier\train\meaningful_flood\070_20.01cm.jpg,training_data/road_scene_classifier/train/meaningful_flood/070_20.01cm.jpg,training_data/scene_classifier/train/meaningful_flood/0150_070_20.01cm.jpg
train,meaningful_flood,becf10aa67f8920aa23be035725d73954745b7aab954398f8bbb255d61b0cc14,C:\Users\Shweatlana Mahapatra\Desktop\Force For Good\flood-depth-estimator-v3-SM_Sep\training_data\road_scene_classifier\test\meaningful_flood\193_27.63cm.jpg,training_data/road_scene_classifier/test/meaningful_flood/193_27.63cm.jpg,training_data/scene_classifier/train/meaningful_flood/0151_193_27.63cm.jpg
train,meaningful_flood,c086b4c38344c5353c8c80c66e14084774ffc27ce301323729b7de33ea9fc5c6,C:\Users\Shweatlana Mahapatra\Desktop\Force For Good\flood-depth-estimator-v3-SM_Sep\training_data\road_scene_classifier\train\meaningful_flood\128_20.28cm.jpg,training_data/road_scene_classifier/train/meaningful_flood/128_20.28cm.jpg,training_data/scene_classifier/train/meaningful_flood/0152_128_20.28cm.jpg
train,meaningful_flood,c0bd781d1f479971773d4b9c119c5f413f7cf886403ed3e1866ed4429cf741c4,C:\Users\Shweatlana Mahapatra\Desktop\Force For Good\flood-depth-estimator-v3-SM_Sep\training_data\road_scene_classifier\train\meaningful_flood\037_15.09cm_1.jpg,training_data/road_scene_classifier/train/meaningful_flood/037_15.09cm_1.jpg,training_data/scene_classifier/train/meaningful_flood/0153_037_15.09cm_1.jpg
train,meaningful_flood,c35f43dc9cf983b045e1f529f5bc5f312eb41d6eea75d3e0852487c7eea0f9f9,C:\Users\Shweatlana Mahapatra\Desktop\Force For Good\flood-depth-estimator-v3-SM_Sep\training_data\road_scene_classifier\train\meaningful_flood\132_20.30cm.jpg,training_data/road_scene_classifier/train/meaningful_flood/132_20.30cm.jpg,training_data/scene_classifier/train/meaningful_flood/0154_132_20.30cm.jpg
test,meaningful_flood,c373c7caf21ca02c4aa7e801219e1b4f4c4ff66fed5763d39b5c53ddcdc5d4c4,C:\Users\Shweatlana Mahapatra\Desktop\Force For Good\flood-depth-estimator-v3-SM_Sep\training_data\road_scene_classifier\validation\meaningful_flood\143_22.51cm.jpg,training_data/road_scene_classifier/validation/meaningful_flood/143_22.51cm.jpg,training_data/scene_classifier/test/meaningful_flood/0155_143_22.51cm.jpg
train,meaningful_flood,c44e3eede6a5ebef2ca38f62be68edcb53528423c62e8aab37c167dcf7ef8609,C:\Users\Shweatlana Mahapatra\Desktop\Force For Good\flood-depth-estimator-v3-SM_Sep\training_data\road_scene_classifier\validation\meaningful_flood\145_22.53cm.jpg,training_data/road_scene_classifier/validation/meaningful_flood/145_22.53cm.jpg,training_data/scene_classifier/train/meaningful_flood/0156_145_22.53cm.jpg
train,meaningful_flood,c509870598b47d6cb95f9f688e36a61370f7424c90f15b8b565d2efbd5391fd3,C:\Users\Shweatlana Mahapatra\Desktop\Force For Good\flood-depth-estimator-v3-SM_Sep\training_data\road_scene_classifier\train\meaningful_flood\087_20.06cm_2.jpg,training_data/road_scene_classifier/train/meaningful_flood/087_20.06cm_2.jpg,training_data/scene_classifier/train/meaningful_flood/0157_087_20.06cm_2.jpg
train,meaningful_flood,c644a6ced4123274bcc8a6577cd91c356e609372202be253fb8eda9b2c9194ff,C:\Users\Shweatlana Mahapatra\Desktop\Force For Good\flood-depth-estimator-v3-SM_Sep\training_data\road_scene_classifier\train\meaningful_flood\067_20.00cm.jpg,training_data/road_scene_classifier/train/meaningful_flood/067_20.00cm.jpg,training_data/scene_classifier/train/meaningful_flood/0158_067_20.00cm.jpg
test,meaningful_flood,c6a228a742b066c9517856487426bdb4d8a3938bfeb674ca4011c29dfe2b2061,C:\Users\Shweatlana Mahapatra\Desktop\Force For Good\flood-depth-estimator-v3-SM_Sep\training_data\road_scene_classifier\train\meaningful_flood\055_15.1cm_1.png,training_data/road_scene_classifier/train/meaningful_flood/055_15.1cm_1.png,training_data/scene_classifier/test/meaningful_flood/0159_055_15.1cm_1.png
test,meaningful_flood,c794f72533c64b18c65b7874f8a5c270aadab4ec61a296553bf5d3c911812526,C:\Users\Shweatlana Mahapatra\Desktop\Force For Good\flood-depth-estimator-v3-SM_Sep\training_data\road_scene_classifier\train\meaningful_flood\007_115.5cm.png,training_data/road_scene_classifier/train/meaningful_flood/007_115.5cm.png,training_data/scene_classifier/test/meaningful_flood/0160_007_115.5cm.png
validation,meaningful_flood,c85354440f31b886427612cbbe87de31a204db7fc825b93b4ea85ab6a657df29,C:\Users\Shweatlana Mahapatra\Desktop\Force For Good\flood-depth-estimator-v3-SM_Sep\training_data\road_scene_classifier\train\meaningful_flood\140_22.50cm.jpg,training_data/road_scene_classifier/train/meaningful_flood/140_22.50cm.jpg,training_data/scene_classifier/validation/meaningful_flood/0161_140_22.50cm.jpg
train,meaningful_flood,c97ed0b831032a4219eba07faa72e8b8f132965b0dfcfc387801d40c54517614,C:\Users\Shweatlana Mahapatra\Desktop\Force For Good\flood-depth-estimator-v3-SM_Sep\training_data\road_scene_classifier\train\meaningful_flood\008_115cm.jpg,training_data/road_scene_classifier/train/meaningful_flood/008_115cm.jpg,training_data/scene_classifier/train/meaningful_flood/0162_008_115cm.jpg
train,meaningful_flood,c9b5c62ae9e9b3d050189252bbd09f18e89e980b20b4d1654a6413cf34dd88bc,C:\Users\Shweatlana Mahapatra\Desktop\Force For Good\flood-depth-estimator-v3-SM_Sep\training_data\road_scene_classifier\train\meaningful_flood\077_20.03cm.png,training_data/road_scene_classifier/train/meaningful_flood/077_20.03cm.png,training_data/scene_classifier/train/meaningful_flood/0163_077_20.03cm.png
test,meaningful_flood,cb2c845dd034ca2798e22753faf14118fd3ab1b63e0549e17e8858d37c2ccbf9,C:\Users\Shweatlana Mahapatra\Desktop\Force For Good\flood-depth-estimator-v3-SM_Sep\training_data\road_scene_classifier\train\meaningful_flood\124_20.24cm.jpg,training_data/road_scene_classifier/train/meaningful_flood/124_20.24cm.jpg,training_data/scene_classifier/test/meaningful_flood/0164_124_20.24cm.jpg
train,meaningful_flood,cbe7240867f4ae31d6726b9a58609d8aee0cd907dfb109f67352b85bec610ea2,C:\Users\Shweatlana Mahapatra\Desktop\Force For Good\flood-depth-estimator-v3-SM_Sep\training_data\road_scene_classifier\train\meaningful_flood\056_15.20cm.jpg,training_data/road_scene_classifier/train/meaningful_flood/056_15.20cm.jpg,training_data/scene_classifier/train/meaningful_flood/0165_056_15.20cm.jpg
train,meaningful_flood,cf3e501954a428ca0d3e02be8ec73ac3f873064a3ef12344edcf04e76511d22c,C:\Users\Shweatlana Mahapatra\Desktop\Force For Good\flood-depth-estimator-v3-SM_Sep\training_data\road_scene_classifier\train\meaningful_flood\039_15.10cm.png,training_data/road_scene_classifier/train/meaningful_flood/039_15.10cm.png,training_data/scene_classifier/train/meaningful_flood/0166_039_15.10cm.png
train,meaningful_flood,cf833ead21e39bc051b21346242322b1c323a05d7d038226c41a9f8ff155d83e,C:\Users\Shweatlana Mahapatra\Desktop\Force For Good\flood-depth-estimator-v3-SM_Sep\training_data\road_scene_classifier\train\meaningful_flood\025_15.03cm_1.jpg,training_data/road_scene_classifier/train/meaningful_flood/025_15.03cm_1.jpg,training_data/scene_classifier/train/meaningful_flood/0167_025_15.03cm_1.jpg
test,meaningful_flood,cfb48c444d892c0a2915efcf08578d3fae6c6d20a45c5b5ce70edf3dbeff4902,C:\Users\Shweatlana Mahapatra\Desktop\Force For Good\flood-depth-estimator-v3-SM_Sep\training_data\road_scene_classifier\train\meaningful_flood\029_15.05cm.png,training_data/road_scene_classifier/train/meaningful_flood/029_15.05cm.png,training_data/scene_classifier/test/meaningful_flood/0168_029_15.05cm.png
train,meaningful_flood,d1c6f2d7e1e53f521f24b227d7dcc3a47044b20218220b93893940a5058466bd,C:\Users\Shweatlana Mahapatra\Desktop\Force For Good\flood-depth-estimator-v3-SM_Sep\training_data\road_scene_classifier\train\meaningful_flood\127_20.27cm.jpg,training_data/road_scene_classifier/train/meaningful_flood/127_20.27cm.jpg,training_data/scene_classifier/train/meaningful_flood/0169_127_20.27cm.jpg
train,meaningful_flood,d2153d08db2db5fe8af8bcc8437563db42d9aaf97b81ee98c65b2285f6df4d52,C:\Users\Shweatlana Mahapatra\Desktop\Force For Good\flood-depth-estimator-v3-SM_Sep\training_data\road_scene_classifier\train\meaningful_flood\098_20.10cm_1.jpg,training_data/road_scene_classifier/train/meaningful_flood/098_20.10cm_1.jpg,training_data/scene_classifier/train/meaningful_flood/0170_098_20.10cm_1.jpg
train,meaningful_flood,d377ab1fa396164203f87e3b82f588b1a0b2924b44a5b786025038d836af3618,C:\Users\Shweatlana Mahapatra\Desktop\Force For Good\flood-depth-estimator-v3-SM_Sep\training_data\road_scene_classifier\validation\meaningful_flood\141_22.50cm.png,training_data/road_scene_classifier/validation/meaningful_flood/141_22.50cm.png,training_data/scene_classifier/train/meaningful_flood/0171_141_22.50cm.png
train,meaningful_flood,da128aeba01e706cbfc63590f05e499a701c5d62f9b0ab09d2a5907ea62fcbae,C:\Users\Shweatlana Mahapatra\Desktop\Force For Good\flood-depth-estimator-v3-SM_Sep\training_data\road_scene_classifier\train\meaningful_flood\108_20.15cm_1.jpg,training_data/road_scene_classifier/train/meaningful_flood/108_20.15cm_1.jpg,training_data/scene_classifier/train/meaningful_flood/0172_108_20.15cm_1.jpg
validation,meaningful_flood,da4d06e839ceffc54cc2aa9c2519ddf52e1ecc9cb3ed897093a7ed10c9b42276,C:\Users\Shweatlana Mahapatra\Desktop\Force For Good\flood-depth-estimator-v3-SM_Sep\training_data\road_scene_classifier\train\meaningful_flood\104_20.13cm_1.jpg,training_data/road_scene_classifier/train/meaningful_flood/104_20.13cm_1.jpg,training_data/scene_classifier/validation/meaningful_flood/0173_104_20.13cm_1.jpg
test,meaningful_flood,db054aea28db8b45da782e0dade08f428b72dbf9615d4c6056bebaf6b7b35441,C:\Users\Shweatlana Mahapatra\Desktop\Force For Good\flood-depth-estimator-v3-SM_Sep\training_data\road_scene_classifier\test\meaningful_flood\176_27.50cm.png,training_data/road_scene_classifier/test/meaningful_flood/176_27.50cm.png,training_data/scene_classifier/test/meaningful_flood/0174_176_27.50cm.png
test,meaningful_flood,dd456410026272920401aaefe1eed6e887e103d4a0247519179f19ba3c5eda55,C:\Users\Shweatlana Mahapatra\Desktop\Force For Good\flood-depth-estimator-v3-SM_Sep\training_data\road_scene_classifier\train\meaningful_flood\103_20.13cm.jpg,training_data/road_scene_classifier/train/meaningful_flood/103_20.13cm.jpg,training_data/scene_classifier/test/meaningful_flood/0175_103_20.13cm.jpg
test,meaningful_flood,dfd4524392ef44ce8177ba41f9fb1c33a25ff83ffd8a2d838a82bbbbb273954d,C:\Users\Shweatlana Mahapatra\Desktop\Force For Good\flood-depth-estimator-v3-SM_Sep\training_data\road_scene_classifier\train\meaningful_flood\057_15.21cm.jpg,training_data/road_scene_classifier/train/meaningful_flood/057_15.21cm.jpg,training_data/scene_classifier/test/meaningful_flood/0176_057_15.21cm.jpg
test,meaningful_flood,e1478a52924db8b72f286261ecd04ab7909fd7da0fdd38f5787ee0549f0de6f6,C:\Users\Shweatlana Mahapatra\Desktop\Force For Good\flood-depth-estimator-v3-SM_Sep\training_data\road_scene_classifier\test\meaningful_flood\182_27.54cm.jpg,training_data/road_scene_classifier/test/meaningful_flood/182_27.54cm.jpg,training_data/scene_classifier/test/meaningful_flood/0177_182_27.54cm.jpg
train,meaningful_flood,e17b038fd15201604488b075d0d4b2fb75c132697b0fd6accee8115b687cf0e9,C:\Users\Shweatlana Mahapatra\Desktop\Force For Good\flood-depth-estimator-v3-SM_Sep\training_data\road_scene_classifier\train\meaningful_flood\100_20.11cm_1.jpg,training_data/road_scene_classifier/train/meaningful_flood/100_20.11cm_1.jpg,training_data/scene_classifier/train/meaningful_flood/0178_100_20.11cm_1.jpg
train,meaningful_flood,e1c4eba97d8a5971d58001aff703e3cd81cef0fd672ed7604ab908aec0fc716a,C:\Users\Shweatlana Mahapatra\Desktop\Force For Good\flood-depth-estimator-v3-SM_Sep\training_data\road_scene_classifier\train\meaningful_flood\009_115cm.png,training_data/road_scene_classifier/train/meaningful_flood/009_115cm.png,training_data/scene_classifier/train/meaningful_flood/0179_009_115cm.png
test,meaningful_flood,e351d649461a564c088e5321a276a8a18c3a4d879b82629581d1ce3876ddd4f1,C:\Users\Shweatlana Mahapatra\Desktop\Force For Good\flood-depth-estimator-v3-SM_Sep\training_data\road_scene_classifier\validation\meaningful_flood\150_22.5cm.jpg,training_data/road_scene_classifier/validation/meaningful_flood/150_22.5cm.jpg,training_data/scene_classifier/test/meaningful_flood/0180_150_22.5cm.jpg
train,meaningful_flood,e4491a4f11ad000e788d762fcad1a0175ad2f77a2ade620ec9cddbef491e61d9,C:\Users\Shweatlana Mahapatra\Desktop\Force For Good\flood-depth-estimator-v3-SM_Sep\training_data\road_scene_classifier\validation\meaningful_flood\164_25.05cm.jpg,training_data/road_scene_classifier/validation/meaningful_flood/164_25.05cm.jpg,training_data/scene_classifier/train/meaningful_flood/0181_164_25.05cm.jpg
train,meaningful_flood,e859bbc2f54d1d597f630f39779534e93528775239baac09aebb981ec92d8c65,C:\Users\Shweatlana Mahapatra\Desktop\Force For Good\flood-depth-estimator-v3-SM_Sep\training_data\road_scene_classifier\test\meaningful_flood\181_27.53cm.jpg,training_data/road_scene_classifier/test/meaningful_flood/181_27.53cm.jpg,training_data/scene_classifier/train/meaningful_flood/0182_181_27.53cm.jpg
test,meaningful_flood,ee05ab3a9e116c418ca416cbef3c1216d2195c8a504de5d8c77886425eba90e4,C:\Users\Shweatlana Mahapatra\Desktop\Force For Good\flood-depth-estimator-v3-SM_Sep\training_data\road_scene_classifier\train\meaningful_flood\038_15.10cm.jpg,training_data/road_scene_classifier/train/meaningful_flood/038_15.10cm.jpg,training_data/scene_classifier/test/meaningful_flood/0183_038_15.10cm.jpg
test,meaningful_flood,f44beae2d996803ad555414ee7629380e21f7a9a088b360eb411754e40a0a124,C:\Users\Shweatlana Mahapatra\Desktop\Force For Good\flood-depth-estimator-v3-SM_Sep\training_data\road_scene_classifier\train\meaningful_flood\003_100cm.png,training_data/road_scene_classifier/train/meaningful_flood/003_100cm.png,training_data/scene_classifier/test/meaningful_flood/0184_003_100cm.png
validation,meaningful_flood,f504f5adf13116bb7274c9cd247cbffd039d3e8b006813804e2326564cd45108,C:\Users\Shweatlana Mahapatra\Desktop\Force For Good\flood-depth-estimator-v3-SM_Sep\training_data\road_scene_classifier\train\meaningful_flood\010_120.0cm.jpg,training_data/road_scene_classifier/train/meaningful_flood/010_120.0cm.jpg,training_data/scene_classifier/validation/meaningful_flood/0185_010_120.0cm.jpg
validation,meaningful_flood,f7867ff41c0c59ab6a5d609ed177e5e50e5c9090fee49381269cc68d65e08601,C:\Users\Shweatlana Mahapatra\Desktop\Force For Good\flood-depth-estimator-v3-SM_Sep\training_data\road_scene_classifier\train\meaningful_flood\032_15.07cm.jpg,training_data/road_scene_classifier/train/meaningful_flood/032_15.07cm.jpg,training_data/scene_classifier/validation/meaningful_flood/0186_032_15.07cm.jpg
validation,meaningful_flood,f8edecc1cf7a3bd6cdf2ef37f5cd7f82d1f2b58538400b84200fb94dfb61c753,C:\Users\Shweatlana Mahapatra\Desktop\Force For Good\flood-depth-estimator-v3-SM_Sep\training_data\road_scene_classifier\train\meaningful_flood\081_20.04cm_2.jpg,training_data/road_scene_classifier/train/meaningful_flood/081_20.04cm_2.jpg,training_data/scene_classifier/validation/meaningful_flood/0187_081_20.04cm_2.jpg
test,meaningful_flood,fa207b0ed5da4b433843d81f411d33cd01064553e82aae008cb4bae9d8326f1f,C:\Users\Shweatlana Mahapatra\Desktop\Force For Good\flood-depth-estimator-v3-SM_Sep\training_data\road_scene_classifier\validation\meaningful_flood\153_25.00cm.jpg,training_data/road_scene_classifier/validation/meaningful_flood/153_25.00cm.jpg,training_data/scene_classifier/test/meaningful_flood/0188_153_25.00cm.jpg
test,meaningful_flood,fb2b27c529f43a9e3af58b257fdb7b99a301744659ce6392b6e401c47cd8c10b,C:\Users\Shweatlana Mahapatra\Desktop\Force For Good\flood-depth-estimator-v3-SM_Sep\training_data\road_scene_classifier\train\meaningful_flood\135_20.33cm.jpg,training_data/road_scene_classifier/train/meaningful_flood/135_20.33cm.jpg,training_data/scene_classifier/test/meaningful_flood/0189_135_20.33cm.jpg
train,meaningful_flood,fe222b666310c619a615d5f90fe364eedcec60eeb643d17f3e6db8c06866d60e,C:\Users\Shweatlana Mahapatra\Desktop\Force For Good\flood-depth-estimator-v3-SM_Sep\training_data\road_scene_classifier\train\meaningful_flood\013_120cm.png,training_data/road_scene_classifier/train/meaningful_flood/013_120cm.png,training_data/scene_classifier/train/meaningful_flood/0190_013_120cm.png
